cliente_id,nombre_comercial,canal,region,distrito,fecha_alta,estado,fecha_alta_original,estado_original
C00001,Bodega Ramos 115,bodega,callao,cercado,2018-04-13,ACTIVO,2018-04-13,ACTIVO
C00002,Restaurante Ramos 759,restaurante/bar,lima sur,comas,2024-02-12,ACTIVO,2024-02-12,ACTIVO
C00003,Minimarket García 239,minimarket,lima norte,los olivos,2023-09-01,ACTIVO,2023-09-01,ACTIVO
C00004,Bodega Castillo 430,bodega,piura,villa el salvador,2020-06-21,INACTIVO,2020-06-21,INACTIVO
C00005,Bodega Díaz 826,bodega,trujillo,cercado,2019-10-16,ACTIVO,2019-10-16,ACTIVO
C00006,Bodega Díaz 345,bodega,lima sur,cayma,2019-02-23,ACTIVO,2019-02-23,ACTIVO
C00007,Bodega Vargas 271,bodega,piura,la esperanza,2018-06-27,ACTIVO,2018-06-27,ACTIVO
C00008,Restaurante Castillo 301,restaurante/bar,arequipa,los olivos,2025-01-18,ACTIVO,2025-01-18,ACTIVO
C00009,Bodega Ramos 234,bodega,lima sur,paucarpata,2021-03-31,ACTIVO,2021-03-31,ACTIVO
C00010,Minimarket Rojas 465,minimarket,arequipa,cayma,2025-02-16,ACTIVO,2025-02-16,ACTIVO
C00011,Bodega Rojas 719,bodega,lima sur,cercado,2025-08-31,ACTIVO,2025-08-31,ACTIVO
C00012,Restaurante García 168,restaurante/bar,trujillo,la esperanza,2023-03-09,ACTIVO,2023-03-09,ACTIVO
C00013,Mayorista Castillo 225,mayorista,arequipa,villa el salvador,2025-09-05,ACTIVO,2025-09-05,ACTIVO
C00014,Bodega Paredes 33,bodega,trujillo,ate,2021-07-16,INACTIVO,2021-07-16,INACTIVO
C00015,Bodega Vargas 898,bodega,arequipa,castilla,2026-01-19,ACTIVO,2026-01-19,ACTIVO
C00016,Bodega Ramos 470,bodega,callao,los olivos,2019-08-09,ACTIVO,2019-08-09,ACTIVO
C00017,Bodega Rojas 765,bodega,trujillo,el porvenir,2024-07-22,ACTIVO,2024-07-22,ACTIVO
C00018,Bodega Huamán 522,bodega,lima sur,paucarpata,2023-07-15,ACTIVO,2023-07-15,ACTIVO
C00019,Bodega Ramos 164,bodega,trujillo,el porvenir,2025-08-19,ACTIVO,2025-08-19,ACTIVO
C00020,Bodega Sánchez 542,bodega,cusco,comas,2020-10-26,ACTIVO,2020-10-26,ACTIVO
C00021,Bodega Flores 699,bodega,callao,cayma,2024-01-09,ACTIVO,2024-01-09,ACTIVO
C00022,Bodega Mamani 162,bodega,lima norte ,wanchaq,2023-02-02,ACTIVO,2023-02-02,ACTIVO
C00023,Bodega Castillo 935,bodega,callao,wanchaq,2019-03-12,ACTIVO,2019-03-12,ACTIVO
C00024,Bodega Huamán 383,bodega,cusco,miraflores,2019-10-24,ACTIVO,2019-10-24,ACTIVO
C00025,Bodega Quispe 115,bodega,callao,ate,2022-01-26,INACTIVO,2022-01-26,INACTIVO
C00026,Mayorista Flores 88,mayorista,piura,villa el salvador,2026-03-17,ACTIVO,2026-03-17,ACTIVO
C00027,Bodega Huamán 132,bodega,piura,ventanilla,2025-05-26,ACTIVO,2025-05-26,ACTIVO
C00028,Bodega Vargas 434,bodega,cusco,los olivos,2020-05-17,ACTIVO,2020-05-17,ACTIVO
C00029,Bodega Rojas 409,bodega,arequipa,wanchaq,2025-07-14,ACTIVO,2025-07-14,ACTIVO
C00030,Bodega García 231,bodega,arequipa,wanchaq,,ACTIVO,,ACTIVO
C00031,Bodega García 8,bodega,lima norte,la esperanza,2018-10-18,ACTIVO,2018-10-18,ACTIVO
C00032,Bodega Torres 73,bodega,lima este,castilla,2023-10-07,ACTIVO,2023-10-07,ACTIVO
C00033,Bodega Huamán 741,bodega,piura,castilla,2024-05-27,ACTIVO,2024-05-27,ACTIVO
C00034,Restaurante García 97,restaurante/bar,trujillo,el porvenir,2019-02-02,ACTIVO,2019-02-02,ACTIVO
C00035,Restaurante Chávez 56,restaurante/bar,lima sur,los olivos,2025-07-21,ACTIVO,2025-07-21,ACTIVO
C00036,Mayorista Paredes 112,mayorista,lima este,castilla,2020-10-15,ACTIVO,2020-10-15,ACTIVO
C00037,Bodega Huamán 286,bodega,lima este,san juan,2023-03-10,ACTIVO,2023-03-10,ACTIVO
C00038,Bodega Paredes 877,bodega,lima sur,wanchaq,2024-03-04,ACTIVO,2024-03-04,ACTIVO
C00039,Minimarket Flores 949,minimarket,lima centro,castilla,2020-08-26,ACTIVO,2020-08-26,ACTIVO
C00040,Bodega Mamani 925,bodega,lima centro,el porvenir,2018-08-29,ACTIVO,2018-08-29,ACTIVO
C00041,Bodega Díaz 804,bodega,callao,los olivos,2023-02-07,INACTIVO,2023-02-07,INACTIVO
C00042,Bodega Castillo 678,bodega,piura,ventanilla,2026-01-21,ACTIVO,2026-01-21,ACTIVO
C00043,Bodega Quispe 594,bodega,lima norte,comas,2024-01-30,ACTIVO,2024-01-30,ACTIVO
C00044,Restaurante Sánchez 515,restaurante/bar,lima centro,wanchaq,2023-12-16,ACTIVO,2023-12-16,ACTIVO
C00045,Bodega Huamán 71,bodega,lima sur,ate,2024-09-03,ACTIVO,2024-09-03,ACTIVO
C00046,Minimarket Vargas 253,minimarket,lima norte,el porvenir,2024-06-29,ACTIVO,2024-06-29,ACTIVO
C00047,Bodega Vargas 536,bodega,callao,los olivos,2021-07-19,ACTIVO,2021-07-19,ACTIVO
C00048,Bodega Rojas 406,bodega,callao,la esperanza,2019-06-21,ACTIVO,2019-06-21,ACTIVO
C00049,Bodega Flores 10,bodega,lima sur,ate,2023-02-21,ACTIVO,2023-02-21,ACTIVO
C00050,Bodega Huamán 956,bodega,lima sur,cayma,2021-11-30,ACTIVO,2021-11-30,ACTIVO
C00051,Restaurante Sánchez 854,restaurante/bar,callao,villa el salvador,2024-02-04,ACTIVO,2024-02-04,ACTIVO
C00052,Mayorista Quispe 684,mayorista,callao,san juan,2024-03-21,INACTIVO,2024-03-21,INACTIVO
C00053,Restaurante Huamán 271,restaurante/bar,lima sur,cercado,2019-04-18,ACTIVO,2019-04-18,ACTIVO
C00054,Restaurante Vargas 216,restaurante/bar,arequipa,surco,2026-01-18,INACTIVO,2026-01-18,INACTIVO
C00055,Bodega Castillo 501,bodega,lima norte,el porvenir,2020-10-25,ACTIVO,2020-10-25,ACTIVO
C00056,Restaurante Quispe 4,restaurante/bar,lima centro,ventanilla,2021-09-28,ACTIVO,2021-09-28,ACTIVO
C00057,Bodega Sánchez 565,bodega,trujillo,san juan,2025-11-30,ACTIVO,2025-11-30,ACTIVO
C00058,Bodega Chávez 926,bodega,cusco,cayma,2019-09-03,ACTIVO,2019-09-03,ACTIVO
C00059,Bodega Huamán 441,bodega,lima norte,la esperanza,2019-06-07,INACTIVO,2019-06-07,INACTIVO
C00060,Bodega Paredes 41,bodega,lima este,surco,2022-01-05,ACTIVO,2022-01-05,ACTIVO
C00061,Bodega Díaz 574,bodega,lima centro,ate,2022-07-23,INACTIVO,2022-07-23,INACTIVO
C00062,Bodega Díaz 831,bodega,trujillo,los olivos,2019-12-27,INACTIVO,2019-12-27,INACTIVO
C00063,Mayorista Díaz 954,mayorista,lima este,villa el salvador,2022-08-14,ACTIVO,2022-08-14,ACTIVO
C00064,Bodega Mamani 894,bodega,piura,paucarpata,2018-06-08,INACTIVO,2018-06-08,INACTIVO
C00065,Bodega Torres 313,bodega,lima este,ate,2020-07-21,ACTIVO,2020-07-21,ACTIVO
C00066,Bodega Rojas 886,bodega,callao,wanchaq,2018-10-12,ACTIVO,2018-10-12,ACTIVO
C00067,Bodega Paredes 550,bodega,lima norte,ventanilla,2021-09-18,ACTIVO,2021-09-18,ACTIVO
C00068,Mayorista Rojas 40,mayorista,trujillo,villa el salvador,2019-03-21,ACTIVO,2019-03-21,ACTIVO
C00069,Bodega Vargas 524,bodega,trujillo,ate,2019-04-19,ACTIVO,2019-04-19,ACTIVO
C00070,Restaurante Chávez 447,restaurante/bar,cusco,wanchaq,2018-01-07,ACTIVO,2018-01-07,ACTIVO
C00071,Mayorista Chávez 755,mayorista,lima este,san juan,2025-07-09,INACTIVO,2025-07-09,INACTIVO
C00072,Bodega Torres 639,bodega,lima sur,ventanilla,2021-07-09,ACTIVO,2021-07-09,ACTIVO
C00073,Bodega Ramos 419,bodega,trujillo,wanchaq,2021-08-29,ACTIVO,2021-08-29,ACTIVO
C00074,Mayorista Mamani 681,mayorista,lima centro,ventanilla,2022-04-02,ACTIVO,2022-04-02,ACTIVO
C00075,Minimarket Paredes 1,minimarket,callao,villa el salvador,2021-05-29,ACTIVO,2021-05-29,ACTIVO
C00076,Minimarket Ramos 330,minimarket,piura,ate,2023-03-20,ACTIVO,2023-03-20,ACTIVO
C00077,Mayorista Díaz 923,mayorista,lima sur,surco,2019-11-27,ACTIVO,2019-11-27,ACTIVO
C00078,Bodega Torres 96,bodega,callao,ate,2020-08-20,ACTIVO,2020-08-20,ACTIVO
C00079,Bodega Quispe 251,bodega,lima sur,la esperanza,2023-05-01,ACTIVO,2023-05-01,ACTIVO
C00080,Bodega García 736,bodega,trujillo,ate,2025-10-23,ACTIVO,2025-10-23,ACTIVO
C00081,Restaurante Chávez 6,restaurante/bar,trujillo,villa el salvador,2019-03-13,INACTIVO,2019-03-13,INACTIVO
C00082,Minimarket Castillo 476,minimarket,cusco,paucarpata,2018-07-25,ACTIVO,2018-07-25,ACTIVO
C00083,Bodega Huamán 821,bodega,cusco ,villa el salvador,2023-03-19,INACTIVO,2023-03-19,INACTIVO
C00084,Bodega Vargas 835,bodega,cusco,la esperanza,2026-01-25,ACTIVO,2026-01-25,ACTIVO
C00085,Bodega Huamán 762,bodega,piura,ate,2023-04-29,ACTIVO,2023-04-29,ACTIVO
C00086,Bodega Rojas 785,bodega,piura,ventanilla,2023-11-06,ACTIVO,2023-11-06,ACTIVO
C00087,Minimarket Chávez 293,minimarket,callao,la esperanza,2020-08-18,ACTIVO,2020-08-18,ACTIVO
C00088,Minimarket Huamán 155,minimarket,trujillo,los olivos,2020-08-05,ACTIVO,2020-08-05,ACTIVO
C00089,Restaurante Mamani 418,restaurante/bar,cusco,comas,2021-09-17,ACTIVO,2021-09-17,ACTIVO
C00090,Bodega Mamani 399,bodega,lima norte,villa el salvador,2024-07-20,ACTIVO,2024-07-20,ACTIVO
C00091,Bodega Sánchez 7,bodega,callao,paucarpata,2021-12-11,INACTIVO,2021-12-11,INACTIVO
C00092,Minimarket Paredes 430,minimarket,cusco,la esperanza,2024-01-14,ACTIVO,2024-01-14,ACTIVO
C00093,Mayorista García 280,mayorista,piura,cayma,2022-11-21,ACTIVO,2022-11-21,ACTIVO
C00094,Bodega Díaz 415,bodega,lima centro,la esperanza,2026-02-14,ACTIVO,2026-02-14,ACTIVO
C00095,Mayorista Vargas 547,mayorista,trujillo,surco,2018-04-21,ACTIVO,2018-04-21,ACTIVO
C00096,Bodega Ramos 439,bodega,piura,ventanilla,2019-07-10,ACTIVO,2019-07-10,ACTIVO
C00097,Bodega García 466,bodega,arequipa,el porvenir,2021-08-31,ACTIVO,2021-08-31,ACTIVO
C00098,Bodega Paredes 432,bodega,lima sur,los olivos,2020-10-30,ACTIVO,2020-10-30,ACTIVO
C00099,Bodega Torres 230,bodega,lima sur,surco,2025-04-16,ACTIVO,2025-04-16,ACTIVO
C00100,Bodega Quispe 973,bodega,lima este,miraflores,2020-10-09,ACTIVO,2020-10-09,ACTIVO
C00101,Bodega Huamán 485,bodega,lima sur,ate,2025-07-05,ACTIVO,2025-07-05,ACTIVO
C00102,Minimarket Rojas 786,minimarket,lima centro,los olivos,2022-02-19,ACTIVO,2022-02-19,ACTIVO
C00103,Bodega Díaz 839,bodega,callao,comas,2019-11-02,INACTIVO,2019-11-02,INACTIVO
C00104,Bodega Vargas 694,bodega,trujillo,san juan,2022-03-18,ACTIVO,2022-03-18,ACTIVO
C00105,Restaurante Paredes 643,restaurante/bar,lima sur,ventanilla,2020-09-21,INACTIVO,2020-09-21,INACTIVO
C00106,Bodega Vargas 825,bodega,lima norte,el porvenir,2019-05-11,ACTIVO,2019-05-11,ACTIVO
C00107,Bodega Flores 519,bodega,arequipa,el porvenir,2025-04-06,ACTIVO,2025-04-06,ACTIVO
C00108,Mayorista Flores 444,mayorista,piura,el porvenir,2022-01-23,ACTIVO,2022-01-23,ACTIVO
C00109,Bodega Castillo 989,bodega,callao,la esperanza,2025-04-18,ACTIVO,2025-04-18,ACTIVO
C00110,Bodega Sánchez 477,bodega,callao,ate,2022-11-20,ACTIVO,2022-11-20,ACTIVO
C00111,Bodega Flores 286,bodega,lima este,miraflores,2023-01-21,ACTIVO,2023-01-21,ACTIVO
C00112,Bodega Mamani 345,bodega,piura,cercado,2018-04-28,ACTIVO,2018-04-28,ACTIVO
C00113,Restaurante Torres 817,restaurante/bar,arequipa,miraflores,2020-11-24,ACTIVO,2020-11-24,ACTIVO
C00114,Mayorista Rojas 570,mayorista,cusco,ate,2018-02-11,ACTIVO,2018-02-11,ACTIVO
C00115,Minimarket Sánchez 569,minimarket,piura,castilla,2020-09-11,ACTIVO,2020-09-11,ACTIVO
C00116,Restaurante Quispe 96,restaurante/bar,lima este,ate,2021-04-20,ACTIVO,2021-04-20,ACTIVO
C00117,Mayorista Vargas 378,mayorista,cusco,el porvenir,2023-04-23,INACTIVO,2023-04-23,INACTIVO
C00118,Bodega Castillo 339,bodega,piura,ventanilla,2021-12-12,ACTIVO,2021-12-12,ACTIVO
C00119,Restaurante Chávez 198,restaurante/bar,lima sur,villa el salvador,2021-07-16,ACTIVO,2021-07-16,ACTIVO
C00120,Bodega García 222,bodega,callao,villa el salvador,2023-06-07,ACTIVO,2023-06-07,ACTIVO
C00121,Mayorista Rojas 103,mayorista,callao,cercado,2020-03-06,ACTIVO,2020-03-06,ACTIVO
C00122,Restaurante Chávez 547,restaurante/bar,callao,comas,2019-06-03,ACTIVO,2019-06-03,ACTIVO
C00123,Bodega Chávez 967,bodega,piura,comas,2019-06-02,ACTIVO,2019-06-02,ACTIVO
C00124,Bodega Sánchez 491,bodega,arequipa,comas,2022-12-10,ACTIVO,2022-12-10,ACTIVO
C00125,Bodega Paredes 490,bodega,lima sur,san juan,2019-04-13,ACTIVO,2019-04-13,ACTIVO
C00126,Bodega Ramos 55,bodega,lima centro,ventanilla,2019-09-14,ACTIVO,2019-09-14,ACTIVO
C00127,Mayorista García 122,mayorista,trujillo,villa el salvador,2024-04-04,ACTIVO,2024-04-04,ACTIVO
C00128,Restaurante Díaz 536,restaurante/bar,piura,ventanilla,2022-04-08,INACTIVO,2022-04-08,INACTIVO
C00129,Bodega Mamani 313,bodega,lima norte,los olivos,2024-05-18,ACTIVO,2024-05-18,ACTIVO
C00130,Bodega Díaz 213,bodega,lima este,san juan,,ACTIVO,,ACTIVO
C00131,Bodega Huamán 566,bodega,lima centro,castilla,2018-11-04,ACTIVO,2018-11-04,ACTIVO
C00132,Bodega Sánchez 299,bodega,lima este,ventanilla,2018-05-14,ACTIVO,2018-05-14,ACTIVO
C00133,Bodega Sánchez 73,bodega,lima este,villa el salvador,2025-09-16,ACTIVO,2025-09-16,ACTIVO
C00134,Bodega Vargas 678,bodega,trujillo,ate,2020-03-21,ACTIVO,2020-03-21,ACTIVO
C00135,Restaurante Rojas 847,restaurante/bar,lima sur,villa el salvador,,ACTIVO,,ACTIVO
C00136,Bodega Chávez 845,bodega,callao,castilla,2024-05-20,ACTIVO,2024-05-20,ACTIVO
C00137,Bodega Chávez 413,bodega,cusco,castilla,2021-01-20,ACTIVO,2021-01-20,ACTIVO
C00138,Minimarket Quispe 911,minimarket,arequipa,comas,2022-11-05,ACTIVO,2022-11-05,ACTIVO
C00139,Bodega Ramos 857,bodega,lima norte ,miraflores,2024-06-14,ACTIVO,2024-06-14,ACTIVO
C00140,Restaurante Díaz 180,restaurante/bar,cusco,la esperanza,2023-04-12,ACTIVO,2023-04-12,ACTIVO
C00141,Restaurante Vargas 447,restaurante/bar,piura,cayma,2025-02-13,ACTIVO,2025-02-13,ACTIVO
C00142,Bodega Torres 687,bodega,lima centro,los olivos,2019-03-05,ACTIVO,2019-03-05,ACTIVO
C00143,Bodega Ramos 968,bodega,cusco,san juan,2022-06-29,ACTIVO,2022-06-29,ACTIVO
C00144,Bodega Torres 119,bodega,cusco,comas,2022-07-14,ACTIVO,2022-07-14,ACTIVO
C00145,Bodega Castillo 474,bodega,lima norte,cayma,2022-08-20,ACTIVO,2022-08-20,ACTIVO
C00146,Bodega Sánchez 641,bodega,lima norte,wanchaq,2022-12-16,ACTIVO,2022-12-16,ACTIVO
C00147,Bodega Rojas 449,bodega,piura,surco,2025-10-31,ACTIVO,2025-10-31,ACTIVO
C00148,Bodega García 727,bodega,callao,wanchaq,2019-10-11,ACTIVO,2019-10-11,ACTIVO
C00149,Bodega García 862,bodega,piura,castilla,2019-04-10,INACTIVO,2019-04-10,INACTIVO
C00150,Bodega Rojas 522,bodega,callao,castilla,2025-11-29,INACTIVO,2025-11-29,INACTIVO
C00151,Restaurante García 468,restaurante/bar,lima centro,la esperanza,2024-03-07,ACTIVO,2024-03-07,ACTIVO
C00152,Bodega Chávez 901,bodega,lima sur,villa el salvador,2019-07-14,INACTIVO,2019-07-14,INACTIVO
C00153,Bodega Torres 957,bodega,callao,ventanilla,2023-09-11,ACTIVO,2023-09-11,ACTIVO
C00154,Bodega Paredes 602,bodega,piura,castilla,2024-07-03,ACTIVO,2024-07-03,ACTIVO
C00155,Restaurante Torres 341,restaurante/bar,cusco,la esperanza,2024-03-10,ACTIVO,2024-03-10,ACTIVO
C00156,Bodega García 715,bodega,trujillo,villa el salvador,2020-09-05,ACTIVO,2020-09-05,ACTIVO
C00157,Minimarket Torres 763,minimarket,trujillo,surco,2023-04-22,ACTIVO,2023-04-22,ACTIVO
C00158,Mayorista Ramos 156,mayorista,lima norte,miraflores,2023-07-22,ACTIVO,2023-07-22,ACTIVO
C00159,Bodega Flores 896,bodega,lima sur,castilla,2022-12-09,ACTIVO,2022-12-09,ACTIVO
C00160,Minimarket Huamán 420,minimarket,lima centro,villa el salvador,2025-05-05,INACTIVO,2025-05-05,INACTIVO
C00161,Bodega Torres 639,bodega,trujillo,paucarpata,2025-10-08,ACTIVO,2025-10-08,ACTIVO
C00162,Minimarket Ramos 880,minimarket,trujillo,paucarpata,2023-12-26,ACTIVO,2023-12-26,ACTIVO
C00163,Minimarket Vargas 71,minimarket,callao,el porvenir,2020-08-19,INACTIVO,2020-08-19,INACTIVO
C00164,Bodega Díaz 649,bodega,lima sur,los olivos,2025-11-23,ACTIVO,2025-11-23,ACTIVO
C00165,Bodega Quispe 48,bodega,lima norte,cayma,2021-08-21,ACTIVO,2021-08-21,ACTIVO
C00166,Mayorista García 544,mayorista,lima centro,san juan,2022-08-15,ACTIVO,2022-08-15,ACTIVO
C00167,Bodega Mamani 635,bodega,lima este,miraflores,2025-08-30,ACTIVO,2025-08-30,ACTIVO
C00168,Bodega Sánchez 654,bodega,piura,comas,2020-11-06,INACTIVO,2020-11-06,INACTIVO
C00169,Bodega Sánchez 923,bodega,cusco,castilla,2021-03-24,INACTIVO,2021-03-24,INACTIVO
C00170,Bodega Vargas 307,bodega,trujillo,castilla,2025-03-02,ACTIVO,2025-03-02,ACTIVO
C00171,Minimarket García 394,minimarket,lima sur,miraflores,2023-06-03,ACTIVO,2023-06-03,ACTIVO
C00172,Bodega Rojas 717,bodega,lima-n,ventanilla,2021-04-24,ACTIVO,2021-04-24,ACTIVO
C00173,Bodega Paredes 703,bodega,piura,la esperanza,2018-07-20,ACTIVO,2018-07-20,ACTIVO
C00174,Bodega Díaz 236,bodega,arequipa,ate,2024-10-22,ACTIVO,2024-10-22,ACTIVO
C00175,Minimarket Ramos 774,minimarket,lima centro,la esperanza,,ACTIVO,,ACTIVO
C00176,Bodega Quispe 317,bodega,lima norte,los olivos,2022-12-11,ACTIVO,2022-12-11,ACTIVO
C00177,Minimarket Rojas 335,minimarket,lima centro,villa el salvador,2022-08-29,ACTIVO,2022-08-29,ACTIVO
C00178,Bodega Torres 544,bodega,callao,ventanilla,2023-08-18,INACTIVO,2023-08-18,INACTIVO
C00179,Restaurante Sánchez 991,restaurante/bar,arequipa,castilla,2021-04-23,INACTIVO,2021-04-23,INACTIVO
C00180,Bodega Huamán 773,bodega,trujillo ,san juan,2020-07-13,ACTIVO,2020-07-13,ACTIVO
C00181,Bodega Quispe 271,bodega,lima sur,surco,2024-01-07,ACTIVO,2024-01-07,ACTIVO
C00182,Bodega Rojas 599,bodega,arequipa,ate,2022-04-10,ACTIVO,2022-04-10,ACTIVO
C00183,Restaurante Vargas 906,restaurante/bar,arequipa,ate,2024-04-18,ACTIVO,2024-04-18,ACTIVO
C00184,Restaurante Ramos 844,restaurante/bar,callao,san juan,2023-03-17,ACTIVO,2023-03-17,ACTIVO
C00185,Bodega Quispe 312,bodega,lima sur,la esperanza,2023-07-11,ACTIVO,2023-07-11,ACTIVO
C00186,Minimarket Mamani 465,minimarket,cusco,los olivos,2022-02-28,ACTIVO,2022-02-28,ACTIVO
C00187,Mayorista Mamani 671,mayorista,piura,ventanilla,2019-02-10,ACTIVO,2019-02-10,ACTIVO
C00188,Bodega Torres 223,bodega,piura ,san juan,2022-12-22,INACTIVO,2022-12-22,INACTIVO
C00189,Bodega Torres 558,bodega,arequipa,ventanilla,2025-03-26,ACTIVO,2025-03-26,ACTIVO
C00190,Bodega Flores 972,bodega,lima sur,surco,2023-02-06,ACTIVO,2023-02-06,ACTIVO
C00191,Bodega Quispe 52,bodega,lima este,san juan,2021-09-28,ACTIVO,2021-09-28,ACTIVO
C00192,Restaurante Castillo 213,restaurante/bar,lima este,ate,2024-07-29,ACTIVO,2024-07-29,ACTIVO
C00193,Restaurante Huamán 808,restaurante/bar,lima norte,cercado,2024-09-07,INACTIVO,2024-09-07,INACTIVO
C00194,Minimarket Castillo 257,minimarket,lima sur,comas,2019-12-16,ACTIVO,2019-12-16,ACTIVO
C00195,Bodega Torres 809,bodega,arequipa,ventanilla,2020-09-01,ACTIVO,2020-09-01,ACTIVO
C00196,Bodega Chávez 432,bodega,lima sur,castilla,2023-11-25,ACTIVO,2023-11-25,ACTIVO
C00197,Minimarket Torres 526,minimarket,lima sur,ate,2024-08-28,INACTIVO,2024-08-28,INACTIVO
C00198,Restaurante Quispe 745,restaurante/bar,cusco,surco,2025-05-22,INACTIVO,2025-05-22,INACTIVO
C00199,Restaurante Quispe 491,restaurante/bar,trujillo,castilla,2022-07-04,ACTIVO,2022-07-04,ACTIVO
C00200,Mayorista Sánchez 76,mayorista,arequipa,san juan,2018-11-27,ACTIVO,2018-11-27,ACTIVO
C00201,Minimarket Vargas 649,minimarket,cusco,el porvenir,2024-07-25,INACTIVO,2024-07-25,INACTIVO
C00202,Bodega Castillo 302,bodega,cusco,san juan,2023-02-02,ACTIVO,2023-02-02,ACTIVO
C00203,Bodega Flores 874,bodega,cusco,ate,2025-05-05,ACTIVO,2025-05-05,ACTIVO
C00204,Restaurante García 424,restaurante/bar,piura,los olivos,2021-10-20,ACTIVO,2021-10-20,ACTIVO
C00205,Bodega Mamani 321,bodega,callao,cercado,2025-06-17,ACTIVO,2025-06-17,ACTIVO
C00206,Bodega Sánchez 69,bodega,lima sur,san juan,2019-01-09,ACTIVO,2019-01-09,ACTIVO
C00207,Bodega Torres 832,bodega,cusco,wanchaq,2019-06-17,ACTIVO,2019-06-17,ACTIVO
C00208,Minimarket Ramos 126,minimarket,arequipa,villa el salvador,2022-08-10,ACTIVO,2022-08-10,ACTIVO
C00209,Bodega Chávez 53,bodega,callao,miraflores,2021-03-24,ACTIVO,2021-03-24,ACTIVO
C00210,Bodega Huamán 673,bodega,lima este,cayma,2023-05-30,ACTIVO,2023-05-30,ACTIVO
C00211,Bodega Torres 118,bodega,lima este,paucarpata,2021-02-15,ACTIVO,2021-02-15,ACTIVO
C00212,Minimarket Díaz 839,minimarket,cusco,la esperanza,2024-12-21,ACTIVO,2024-12-21,ACTIVO
C00213,Minimarket Chávez 274,minimarket,lima centro,villa el salvador,2018-04-29,ACTIVO,2018-04-29,ACTIVO
C00214,Bodega Torres 360,bodega,lima centro,miraflores,2018-01-26,ACTIVO,2018-01-26,ACTIVO
C00215,Minimarket Flores 146,minimarket,lima norte,wanchaq,2025-02-06,ACTIVO,2025-02-06,ACTIVO
C00216,Bodega Mamani 465,bodega,lima centro,los olivos,2021-10-28,ACTIVO,2021-10-28,ACTIVO
C00217,Bodega Vargas 611,bodega,lima norte,villa el salvador,2018-12-14,ACTIVO,2018-12-14,ACTIVO
C00218,Minimarket Ramos 84,minimarket,piura,castilla,2021-01-19,ACTIVO,2021-01-19,ACTIVO
C00219,Minimarket Mamani 280,minimarket,cusco,el porvenir,2020-06-01,ACTIVO,2020-06-01,ACTIVO
C00220,Mayorista Ramos 695,mayorista,piura,ventanilla,2024-08-26,ACTIVO,2024-08-26,ACTIVO
C00221,Minimarket Mamani 614,minimarket,lima norte,ate,2018-08-13,ACTIVO,2018-08-13,ACTIVO
C00222,Bodega Díaz 262,bodega,arequipa,castilla,2021-03-31,ACTIVO,2021-03-31,ACTIVO
C00223,Bodega Huamán 133,bodega,cusco,wanchaq,2022-04-07,ACTIVO,2022-04-07,ACTIVO
C00224,Bodega Ramos 826,bodega,lima sur,los olivos,2021-12-21,ACTIVO,2021-12-21,ACTIVO
C00225,Bodega Quispe 471,bodega,arequipa,miraflores,2018-11-15,ACTIVO,2018-11-15,ACTIVO
C00226,Bodega Ramos 428,bodega,lima sur,cayma,2021-03-31,ACTIVO,2021-03-31,ACTIVO
C00227,Restaurante Vargas 472,restaurante/bar,arequipa,paucarpata,2025-09-25,ACTIVO,2025-09-25,ACTIVO
C00228,Bodega Mamani 604,bodega,cusco,paucarpata,2022-06-29,ACTIVO,2022-06-29,ACTIVO
C00229,Restaurante Torres 227,restaurante/bar,lima centro,surco,2021-09-26,ACTIVO,2021-09-26,ACTIVO
C00230,Minimarket Castillo 199,minimarket,arequipa,paucarpata,2021-12-02,ACTIVO,2021-12-02,ACTIVO
C00231,Mayorista Huamán 242,mayorista,lima centro,cercado,2019-02-26,ACTIVO,2019-02-26,ACTIVO
C00232,Bodega Díaz 778,bodega,lima sur,villa el salvador,2025-05-08,ACTIVO,2025-05-08,ACTIVO
C00233,Bodega Sánchez 773,bodega,piura,la esperanza,2024-04-28,ACTIVO,2024-04-28,ACTIVO
C00234,Bodega Ramos 640,bodega,arequipa,san juan,2021-08-16,ACTIVO,2021-08-16,ACTIVO
C00235,Bodega Ramos 311,bodega,lima norte,san juan,,ACTIVO,,ACTIVO
C00236,Minimarket Sánchez 39,minimarket,arequipa,san juan,2018-08-22,ACTIVO,2018-08-22,ACTIVO
C00237,Bodega Paredes 93,bodega,cusco,miraflores,2024-11-24,ACTIVO,2024-11-24,ACTIVO
C00238,Bodega Díaz 757,bodega,piura,miraflores,2018-06-18,ACTIVO,2018-06-18,ACTIVO
C00239,Minimarket Torres 620,minimarket,cusco,comas,2023-05-03,ACTIVO,2023-05-03,ACTIVO
C00240,Bodega Díaz 921,bodega,lima sur,cercado,2021-11-07,ACTIVO,2021-11-07,ACTIVO
C00241,Restaurante Chávez 449,restaurante/bar,cusco,cercado,2022-12-05,ACTIVO,2022-12-05,ACTIVO
C00242,Restaurante Rojas 397,restaurante/bar,arequipa,comas,2022-08-02,ACTIVO,2022-08-02,ACTIVO
C00243,Restaurante Ramos 343,restaurante/bar,arequipa,surco,2018-09-27,ACTIVO,2018-09-27,ACTIVO
C00244,Bodega Rojas 742,bodega,lima centro,miraflores,2025-05-13,ACTIVO,2025-05-13,ACTIVO
C00245,Bodega Torres 318,bodega,trujillo,los olivos,2025-05-11,INACTIVO,2025-05-11,INACTIVO
C00246,Restaurante Rojas 573,restaurante/bar,arequipa,surco,2022-03-23,ACTIVO,2022-03-23,ACTIVO
C00247,Bodega Chávez 702,bodega,lima sur,el porvenir,2023-11-27,ACTIVO,2023-11-27,ACTIVO
C00248,Restaurante Quispe 372,restaurante/bar,lima centro ,villa el salvador,2021-06-19,ACTIVO,2021-06-19,ACTIVO
C00249,Restaurante García 141,restaurante/bar,lima sur,villa el salvador,2019-09-27,ACTIVO,2019-09-27,ACTIVO
C00250,Restaurante Díaz 553,restaurante/bar,lima norte,la esperanza,2023-11-27,ACTIVO,2023-11-27,ACTIVO
C00251,Bodega Huamán 612,bodega,lima centro,paucarpata,2022-03-24,ACTIVO,2022-03-24,ACTIVO
C00252,Bodega Vargas 829,bodega,piura,cayma,2019-11-10,ACTIVO,2019-11-10,ACTIVO
C00253,Restaurante García 993,restaurante/bar,callao,villa el salvador,2022-12-25,ACTIVO,2022-12-25,ACTIVO
C00254,Bodega Castillo 245,bodega,piura,ate,,ACTIVO,,ACTIVO
C00255,Bodega Vargas 452,bodega,callao,wanchaq,2023-03-07,ACTIVO,2023-03-07,ACTIVO
C00256,Bodega Huamán 837,bodega,lima centro,comas,2020-03-28,ACTIVO,2020-03-28,ACTIVO
C00257,Restaurante Paredes 381,restaurante/bar,lima sur,wanchaq,2024-03-21,INACTIVO,2024-03-21,INACTIVO
C00258,Minimarket Rojas 86,minimarket,callao,wanchaq,2019-10-19,ACTIVO,2019-10-19,ACTIVO
C00259,Bodega Mamani 94,bodega,piura,la esperanza,2020-06-28,ACTIVO,2020-06-28,ACTIVO
C00260,Bodega Quispe 406,bodega,arequipa,san juan,2023-08-19,ACTIVO,2023-08-19,ACTIVO
C00261,Bodega Quispe 327,bodega,arequipa,cercado,2019-02-10,ACTIVO,2019-02-10,ACTIVO
C00262,Restaurante Paredes 484,restaurante/bar,lima centro,castilla,2025-10-22,ACTIVO,2025-10-22,ACTIVO
C00263,Bodega Quispe 928,bodega,lima norte,paucarpata,2018-11-21,ACTIVO,2018-11-21,ACTIVO
C00264,Bodega Chávez 624,bodega,trujillo,ventanilla,2023-12-02,ACTIVO,2023-12-02,ACTIVO
C00265,Restaurante Flores 49,restaurante/bar,trujillo,miraflores,2020-09-03,ACTIVO,2020-09-03,ACTIVO
C00266,Minimarket Flores 857,minimarket,cusco,wanchaq,2023-08-10,ACTIVO,2023-08-10,ACTIVO
C00267,Minimarket Chávez 148,minimarket,trujillo,cayma,2021-04-08,ACTIVO,2021-04-08,ACTIVO
C00268,Minimarket Mamani 192,minimarket,lima sur,cayma,2025-06-14,ACTIVO,2025-06-14,ACTIVO
C00269,Bodega Castillo 558,bodega,cusco,el porvenir,2023-09-10,INACTIVO,2023-09-10,INACTIVO
C00270,Bodega Quispe 651,bodega,arequipa,comas,2022-05-04,ACTIVO,2022-05-04,ACTIVO
C00271,Mayorista Flores 354,mayorista,lima sur,los olivos,2020-09-14,ACTIVO,2020-09-14,ACTIVO
C00272,Mayorista Huamán 46,mayorista,cusco,surco,2021-12-14,ACTIVO,2021-12-14,ACTIVO
C00273,Restaurante Díaz 702,restaurante/bar,piura,villa el salvador,2023-03-19,ACTIVO,2023-03-19,ACTIVO
C00274,Restaurante Chávez 795,restaurante/bar,lima norte,comas,2023-02-18,ACTIVO,2023-02-18,ACTIVO
C00275,Bodega Quispe 324,bodega,cusco,paucarpata,2021-06-24,ACTIVO,2021-06-24,ACTIVO
C00276,Bodega Rojas 38,bodega,lima este,paucarpata,2025-04-03,ACTIVO,2025-04-03,ACTIVO
C00277,Mayorista Paredes 672,mayorista,callao,cayma,2021-09-21,ACTIVO,2021-09-21,ACTIVO
C00278,Minimarket Mamani 762,minimarket,trujillo,cercado,2022-12-07,ACTIVO,2022-12-07,ACTIVO
C00279,Minimarket Sánchez 377,minimarket,callao,los olivos,2023-10-28,ACTIVO,2023-10-28,ACTIVO
C00280,Mayorista Mamani 617,mayorista,cusco,san juan,2020-01-10,ACTIVO,2020-01-10,ACTIVO
C00281,Restaurante Ramos 303,restaurante/bar,piura,el porvenir,2021-06-09,ACTIVO,2021-06-09,ACTIVO
C00282,Bodega Sánchez 360,bodega,lima norte,la esperanza,2023-01-06,ACTIVO,2023-01-06,ACTIVO
C00283,Bodega Mamani 282,bodega,lima norte,surco,2025-03-04,ACTIVO,2025-03-04,ACTIVO
C00284,Bodega Castillo 821,bodega,lima centro,paucarpata,2025-08-14,ACTIVO,2025-08-14,ACTIVO
C00285,Bodega Díaz 449,bodega,lima centro,villa el salvador,2018-05-23,ACTIVO,2018-05-23,ACTIVO
C00286,Bodega Torres 393,bodega,lima norte,surco,2024-05-12,ACTIVO,2024-05-12,ACTIVO
C00287,Bodega Torres 381,bodega,lima sur,wanchaq,2022-12-24,ACTIVO,2022-12-24,ACTIVO
C00288,Bodega Torres 666,bodega,lima este,los olivos,2021-02-15,ACTIVO,2021-02-15,ACTIVO
C00289,Bodega Castillo 397,bodega,lima sur,ventanilla,2024-04-19,ACTIVO,2024-04-19,ACTIVO
C00290,Bodega García 627,bodega,piura,cercado,2021-03-15,INACTIVO,2021-03-15,INACTIVO
C00291,Bodega Sánchez 177,bodega,piura ,surco,,ACTIVO,,ACTIVO
C00292,Bodega Flores 564,bodega,callao,paucarpata,2024-01-30,ACTIVO,2024-01-30,ACTIVO
C00293,Mayorista Chávez 950,mayorista,lima centro,wanchaq,2025-11-08,ACTIVO,2025-11-08,ACTIVO
C00294,Bodega García 812,bodega,lima este,comas,2019-07-23,ACTIVO,2019-07-23,ACTIVO
C00295,Bodega Vargas 378,bodega,cusco,la esperanza,2023-03-30,ACTIVO,2023-03-30,ACTIVO
C00296,Bodega Rojas 408,bodega,piura,villa el salvador,2026-01-15,ACTIVO,2026-01-15,ACTIVO
C00297,Mayorista Vargas 76,mayorista,arequipa,castilla,2019-05-29,ACTIVO,2019-05-29,ACTIVO
C00298,Bodega Castillo 353,bodega,cusco,cercado,2019-06-10,ACTIVO,2019-06-10,ACTIVO
C00299,Minimarket Huamán 444,minimarket,lima norte,wanchaq,2023-08-22,ACTIVO,2023-08-22,ACTIVO
C00300,Bodega Huamán 166,bodega,lima este,wanchaq,2021-08-14,INACTIVO,2021-08-14,INACTIVO
C00301,Bodega Paredes 81,bodega,lima este,wanchaq,2020-10-23,ACTIVO,2020-10-23,ACTIVO
C00302,Bodega Ramos 311,bodega,cusco,surco,2024-11-21,ACTIVO,2024-11-21,ACTIVO
C00303,Bodega Vargas 158,bodega,arequipa,miraflores,2019-12-03,ACTIVO,2019-12-03,ACTIVO
C00304,Minimarket Paredes 30,minimarket,lima norte ,surco,2018-11-29,ACTIVO,2018-11-29,ACTIVO
C00305,Minimarket Vargas 427,minimarket,lima norte,surco,2024-12-06,ACTIVO,2024-12-06,ACTIVO
C00306,Restaurante Ramos 980,restaurante/bar,piura,villa el salvador,2021-05-22,ACTIVO,2021-05-22,ACTIVO
C00307,Bodega Rojas 465,bodega,lima norte,el porvenir,2018-10-26,ACTIVO,2018-10-26,ACTIVO
C00308,Bodega García 349,bodega,lima centro,los olivos,2024-10-20,ACTIVO,2024-10-20,ACTIVO
C00309,Mayorista Paredes 354,mayorista,lima centro,wanchaq,2022-06-22,ACTIVO,2022-06-22,ACTIVO
C00310,Bodega Torres 248,bodega,lima sur,ate,2023-03-26,ACTIVO,2023-03-26,ACTIVO
C00311,Bodega Quispe 298,bodega,trujillo,paucarpata,2022-04-23,INACTIVO,2022-04-23,INACTIVO
C00312,Bodega Paredes 336,bodega,arequipa,cercado,2024-06-24,ACTIVO,2024-06-24,ACTIVO
C00313,Bodega Castillo 479,bodega,callao,san juan,2023-08-05,INACTIVO,2023-08-05,INACTIVO
C00314,Restaurante Castillo 469,restaurante/bar,lima este,comas,2020-09-13,ACTIVO,2020-09-13,ACTIVO
C00315,Mayorista Sánchez 612,mayorista,piura,comas,2025-05-03,ACTIVO,2025-05-03,ACTIVO
C00316,Minimarket Mamani 138,minimarket,arequipa,cayma,2020-12-19,ACTIVO,2020-12-19,ACTIVO
C00317,Bodega Quispe 584,bodega,lima este,ventanilla,,ACTIVO,,ACTIVO
C00318,Bodega Castillo 462,bodega,callao,miraflores,2024-03-02,ACTIVO,2024-03-02,ACTIVO
C00319,Bodega Flores 132,bodega,trujillo,cayma,2019-02-01,ACTIVO,2019-02-01,ACTIVO
C00320,Bodega Torres 774,bodega,lima este,el porvenir,2019-08-14,ACTIVO,2019-08-14,ACTIVO
C00321,Bodega Quispe 40,bodega,arequipa,wanchaq,2019-07-16,ACTIVO,2019-07-16,ACTIVO
C00322,Minimarket Vargas 915,minimarket,lima centro,miraflores,2023-10-13,ACTIVO,2023-10-13,ACTIVO
C00323,Minimarket Mamani 632,minimarket,arequipa,wanchaq,2021-05-10,ACTIVO,2021-05-10,ACTIVO
C00324,Bodega Chávez 577,bodega,piura,cayma,2021-05-12,ACTIVO,2021-05-12,ACTIVO
C00325,Restaurante Flores 427,restaurante/bar,callao,los olivos,2024-07-18,INACTIVO,2024-07-18,INACTIVO
C00326,Minimarket Ramos 28,minimarket,piura,surco,2024-09-10,ACTIVO,2024-09-10,ACTIVO
C00327,Bodega Díaz 593,bodega,lima este,miraflores,2024-06-23,ACTIVO,2024-06-23,ACTIVO
C00328,Bodega Castillo 645,bodega,trujillo,surco,2026-02-01,ACTIVO,2026-02-01,ACTIVO
C00329,Bodega Vargas 971,bodega,lima sur,castilla,2025-11-09,ACTIVO,2025-11-09,ACTIVO
C00330,Bodega Huamán 423,bodega,lima este,villa el salvador,2025-09-29,ACTIVO,2025-09-29,ACTIVO
C00331,Bodega Sánchez 894,bodega,lima norte,wanchaq,2026-02-27,ACTIVO,2026-02-27,ACTIVO
C00332,Mayorista Torres 679,mayorista,cusco,cercado,2023-05-14,ACTIVO,2023-05-14,ACTIVO
C00333,Bodega Castillo 351,bodega,arequipa,paucarpata,2024-02-16,ACTIVO,2024-02-16,ACTIVO
C00334,Bodega Ramos 823,bodega,callao,ate,2025-10-10,INACTIVO,2025-10-10,INACTIVO
C00335,Bodega Rojas 572,bodega,lima este ,villa el salvador,2021-05-07,ACTIVO,2021-05-07,ACTIVO
C00336,Bodega García 707,bodega,piura,cayma,2025-11-27,ACTIVO,2025-11-27,ACTIVO
C00337,Restaurante Díaz 739,restaurante/bar,callao,surco,2021-01-25,ACTIVO,2021-01-25,ACTIVO
C00338,Minimarket Mamani 839,minimarket,lima centro,ventanilla,2021-11-14,INACTIVO,2021-11-14,INACTIVO
C00339,Bodega Flores 355,bodega,callao,ate,2022-12-17,ACTIVO,2022-12-17,ACTIVO
C00340,Bodega Castillo 278,bodega,callao,miraflores,2024-04-21,ACTIVO,2024-04-21,ACTIVO
C00341,Bodega García 249,bodega,cusco,ate,2018-07-27,ACTIVO,2018-07-27,ACTIVO
C00342,Bodega Mamani 339,bodega,piura,villa el salvador,2026-01-17,ACTIVO,2026-01-17,ACTIVO
C00343,Bodega Castillo 952,bodega,trujillo,la esperanza,2019-10-09,INACTIVO,2019-10-09,INACTIVO
C00344,Bodega Sánchez 667,bodega,callao,surco,2020-03-27,ACTIVO,2020-03-27,ACTIVO
C00345,Bodega Díaz 92,bodega,lima este,los olivos,2025-04-25,INACTIVO,2025-04-25,INACTIVO
C00346,Bodega Quispe 936,bodega,trujillo,cercado,2019-12-19,INACTIVO,2019-12-19,INACTIVO
C00347,Minimarket Quispe 857,minimarket,piura,los olivos,2022-06-15,INACTIVO,2022-06-15,INACTIVO
C00348,Bodega Rojas 898,bodega,lima norte,miraflores,2018-06-03,ACTIVO,2018-06-03,ACTIVO
C00349,Bodega Torres 292,bodega,cusco,la esperanza,2023-02-05,INACTIVO,2023-02-05,INACTIVO
C00350,Minimarket Paredes 517,minimarket,callao,san juan,2023-04-02,ACTIVO,2023-04-02,ACTIVO
C00351,Bodega Chávez 470,bodega,callao,comas,2025-04-09,ACTIVO,2025-04-09,ACTIVO
C00352,Restaurante Díaz 303,restaurante/bar,lima este,paucarpata,2024-05-14,ACTIVO,2024-05-14,ACTIVO
C00353,Minimarket Mamani 847,minimarket,cusco,el porvenir,2022-10-18,ACTIVO,2022-10-18,ACTIVO
C00354,Bodega Huamán 144,bodega,arequipa,comas,2023-05-10,ACTIVO,2023-05-10,ACTIVO
C00355,Bodega García 458,bodega,arequipa,los olivos,2020-12-29,ACTIVO,2020-12-29,ACTIVO
C00356,Minimarket Rojas 670,minimarket,lima este,san juan,2022-01-12,ACTIVO,2022-01-12,ACTIVO
C00357,Bodega Huamán 416,bodega,cusco,la esperanza,2025-09-11,ACTIVO,2025-09-11,ACTIVO
C00358,Bodega Rojas 707,bodega,callao,ate,2019-04-26,ACTIVO,2019-04-26,ACTIVO
C00359,Restaurante Huamán 490,restaurante/bar,piura,miraflores,2019-09-20,ACTIVO,2019-09-20,ACTIVO
C00360,Bodega Chávez 563,bodega,cusco,paucarpata,2023-04-13,ACTIVO,2023-04-13,ACTIVO
C00361,Bodega García 697,bodega,lima sur,wanchaq,2024-09-06,ACTIVO,2024-09-06,ACTIVO
C00362,Minimarket Flores 940,minimarket,lima sur,wanchaq,2024-04-29,INACTIVO,2024-04-29,INACTIVO
C00363,Bodega García 587,bodega,lima centro,paucarpata,2024-01-08,ACTIVO,2024-01-08,ACTIVO
C00364,Bodega Flores 697,bodega,piura,wanchaq,2020-04-21,ACTIVO,2020-04-21,ACTIVO
C00365,Restaurante Quispe 465,restaurante/bar,cusco,miraflores,2019-06-25,ACTIVO,2019-06-25,ACTIVO
C00366,Bodega Sánchez 689,bodega,lima norte,paucarpata,2021-06-16,ACTIVO,2021-06-16,ACTIVO
C00367,Restaurante García 593,restaurante/bar,lima norte,los olivos,2018-10-27,ACTIVO,2018-10-27,ACTIVO
C00368,Restaurante Quispe 958,restaurante/bar,piura,el porvenir,2018-10-10,ACTIVO,2018-10-10,ACTIVO
C00369,Bodega Huamán 785,bodega,trujillo,la esperanza,2025-03-12,ACTIVO,2025-03-12,ACTIVO
C00370,Bodega Paredes 940,bodega,trujillo,surco,2022-03-27,INACTIVO,2022-03-27,INACTIVO
C00371,Bodega Huamán 670,bodega,lima sur,wanchaq,2021-11-25,ACTIVO,2021-11-25,ACTIVO
C00372,Bodega Huamán 746,bodega,lima norte,ventanilla,2020-07-01,ACTIVO,2020-07-01,ACTIVO
C00373,Bodega Chávez 558,bodega,cusco,ate,2022-10-04,ACTIVO,2022-10-04,ACTIVO
C00374,Minimarket Torres 159,minimarket,lima este,los olivos,2021-02-03,ACTIVO,2021-02-03,ACTIVO
C00375,Bodega Quispe 829,bodega,trujillo,la esperanza,2025-05-28,INACTIVO,2025-05-28,INACTIVO
C00376,Bodega Quispe 247,bodega,lima sur,comas,2020-04-24,ACTIVO,2020-04-24,ACTIVO
C00377,Mayorista Ramos 721,mayorista,lima este,el porvenir,2018-07-19,ACTIVO,2018-07-19,ACTIVO
C00378,Bodega Castillo 223,bodega,lima centro,ventanilla,2018-08-20,ACTIVO,2018-08-20,ACTIVO
C00379,Mayorista Chávez 590,mayorista,arequipa,la esperanza,2021-07-30,ACTIVO,2021-07-30,ACTIVO
C00380,Bodega Ramos 534,bodega,trujillo,comas,2020-06-24,ACTIVO,2020-06-24,ACTIVO
C00381,Bodega Vargas 901,bodega,trujillo,comas,2019-12-19,INACTIVO,2019-12-19,INACTIVO
C00382,Minimarket Ramos 688,minimarket,cusco,el porvenir,2022-04-11,ACTIVO,2022-04-11,ACTIVO
C00383,Minimarket Rojas 386,minimarket,cusco,paucarpata,2020-01-24,ACTIVO,2020-01-24,ACTIVO
C00384,Restaurante Paredes 725,restaurante/bar,piura,wanchaq,2019-08-15,ACTIVO,2019-08-15,ACTIVO
C00385,Minimarket Mamani 571,minimarket,lima centro,ventanilla,2023-12-11,ACTIVO,2023-12-11,ACTIVO
C00386,Mayorista Ramos 81,mayorista,arequipa,los olivos,2023-01-17,ACTIVO,2023-01-17,ACTIVO
C00387,Bodega Quispe 275,bodega,lima norte,ate,2022-03-25,ACTIVO,2022-03-25,ACTIVO
C00388,Bodega Vargas 742,bodega,cusco,ate,2025-07-13,INACTIVO,2025-07-13,INACTIVO
C00389,Mayorista Torres 311,mayorista,lima este,los olivos,2018-03-04,ACTIVO,2018-03-04,ACTIVO
C00390,Mayorista Díaz 491,mayorista,lima este,ate,2020-09-20,ACTIVO,2020-09-20,ACTIVO
C00391,Restaurante Díaz 290,restaurante/bar,piura,cayma,2022-04-09,ACTIVO,2022-04-09,ACTIVO
C00392,Bodega Torres 526,bodega,piura,los olivos,2023-07-30,ACTIVO,2023-07-30,ACTIVO
C00393,Bodega Paredes 328,bodega,arequipa,comas,2020-04-12,ACTIVO,2020-04-12,ACTIVO
C00394,Mayorista García 760,mayorista,lima norte,la esperanza,2019-08-21,ACTIVO,2019-08-21,ACTIVO
C00395,Bodega Chávez 428,bodega,lima centro,ate,2021-04-24,ACTIVO,2021-04-24,ACTIVO
C00396,Restaurante Paredes 252,restaurante/bar,cusco,surco,2023-08-08,ACTIVO,2023-08-08,ACTIVO
C00397,Restaurante Díaz 842,restaurante/bar,piura,los olivos,2023-06-25,ACTIVO,2023-06-25,ACTIVO
C00398,Bodega Huamán 144,bodega,cusco,la esperanza,2026-01-29,INACTIVO,2026-01-29,INACTIVO
C00399,Mayorista Ramos 981,mayorista,cusco,paucarpata,2018-08-29,ACTIVO,2018-08-29,ACTIVO
C00400,Mayorista Paredes 685,mayorista,lima norte,paucarpata,2018-07-18,ACTIVO,2018-07-18,ACTIVO
C00401,Bodega Flores 725,bodega,lima norte,castilla,2019-09-11,ACTIVO,2019-09-11,ACTIVO
C00402,Restaurante Vargas 654,restaurante/bar,piura,comas,2025-06-24,ACTIVO,2025-06-24,ACTIVO
C00403,Bodega Castillo 422,bodega,lima norte,ventanilla,2018-02-18,ACTIVO,2018-02-18,ACTIVO
C00404,Mayorista Rojas 18,mayorista,trujillo,la esperanza,2023-08-20,ACTIVO,2023-08-20,ACTIVO
C00405,Bodega Flores 537,bodega,lima este,wanchaq,2019-09-02,ACTIVO,2019-09-02,ACTIVO
C00406,Restaurante Torres 274,restaurante/bar,lima sur,el porvenir,2022-06-14,ACTIVO,2022-06-14,ACTIVO
C00407,Bodega García 714,bodega,callao,paucarpata,2020-07-14,ACTIVO,2020-07-14,ACTIVO
C00408,Bodega Paredes 666,bodega,lima sur,el porvenir,2018-05-10,ACTIVO,2018-05-10,ACTIVO
C00409,Restaurante Quispe 653,restaurante/bar,lima centro,paucarpata,2018-02-08,ACTIVO,2018-02-08,ACTIVO
C00410,Bodega Díaz 340,bodega,lima sur,la esperanza,2024-05-06,ACTIVO,2024-05-06,ACTIVO
C00411,Bodega García 923,bodega,piura,la esperanza,2025-10-06,ACTIVO,2025-10-06,ACTIVO
C00412,Restaurante Rojas 921,restaurante/bar,lima norte,paucarpata,2024-02-03,ACTIVO,2024-02-03,ACTIVO
C00413,Restaurante García 602,restaurante/bar,trujillo,ventanilla,2019-08-14,ACTIVO,2019-08-14,ACTIVO
C00414,Bodega García 581,bodega,cusco,villa el salvador,2022-05-13,ACTIVO,2022-05-13,ACTIVO
C00415,Minimarket Díaz 706,minimarket,lima sur,cayma,2026-02-14,ACTIVO,2026-02-14,ACTIVO
C00416,Bodega Mamani 238,bodega,arequipa,miraflores,2018-11-08,INACTIVO,2018-11-08,INACTIVO
C00417,Bodega Mamani 993,bodega,lima norte,villa el salvador,2021-08-29,INACTIVO,2021-08-29,INACTIVO
C00418,Bodega Sánchez 234,bodega,cusco,cercado,2021-12-28,ACTIVO,2021-12-28,ACTIVO
C00419,Minimarket Ramos 390,minimarket,callao,los olivos,2018-12-18,ACTIVO,2018-12-18,ACTIVO
C00420,Mayorista Rojas 158,mayorista,lima centro,cayma,2022-04-06,ACTIVO,2022-04-06,ACTIVO
C00421,Mayorista Flores 6,mayorista,piura,ventanilla,2021-06-16,ACTIVO,2021-06-16,ACTIVO
C00422,Mayorista Flores 192,mayorista,piura,wanchaq,2022-11-01,ACTIVO,2022-11-01,ACTIVO
C00423,Bodega Quispe 92,bodega,cusco,miraflores,2021-12-20,ACTIVO,2021-12-20,ACTIVO
C00424,Bodega Paredes 395,bodega,callao,villa el salvador,2018-02-20,ACTIVO,2018-02-20,ACTIVO
C00425,Bodega Castillo 927,bodega,cusco,el porvenir,2020-09-21,ACTIVO,2020-09-21,ACTIVO
C00426,Bodega Rojas 309,bodega,piura,cercado,2021-01-04,ACTIVO,2021-01-04,ACTIVO
C00427,Bodega Mamani 307,bodega,lima sur,ate,2023-06-07,ACTIVO,2023-06-07,ACTIVO
C00428,Restaurante Sánchez 609,restaurante/bar,lima este,cercado,2024-11-30,ACTIVO,2024-11-30,ACTIVO
C00429,Bodega Mamani 341,bodega,trujillo,cayma,2024-12-15,ACTIVO,2024-12-15,ACTIVO
C00430,Bodega Mamani 836,bodega,lima centro,miraflores,2025-04-20,INACTIVO,2025-04-20,INACTIVO
C00431,Bodega García 491,bodega,lima centro ,ventanilla,2021-07-10,ACTIVO,2021-07-10,ACTIVO
C00432,Mayorista Ramos 503,mayorista,lima este,ventanilla,2024-06-16,ACTIVO,2024-06-16,ACTIVO
C00433,Bodega Mamani 374,bodega,lima este,wanchaq,2019-04-12,ACTIVO,2019-04-12,ACTIVO
C00434,Bodega Díaz 564,bodega,piura,castilla,2018-04-21,ACTIVO,2018-04-21,ACTIVO
C00435,Bodega Paredes 710,bodega,trujillo,cercado,2018-10-11,ACTIVO,2018-10-11,ACTIVO
C00436,Minimarket García 259,minimarket,lima centro,villa el salvador,2025-05-21,ACTIVO,2025-05-21,ACTIVO
C00437,Bodega Sánchez 613,bodega,trujillo,la esperanza,2023-05-17,INACTIVO,2023-05-17,INACTIVO
C00438,Mayorista Chávez 429,mayorista,lima norte,cayma,2024-02-05,ACTIVO,2024-02-05,ACTIVO
C00439,Minimarket Díaz 550,minimarket,lima sur,ate,2024-08-29,ACTIVO,2024-08-29,ACTIVO
C00440,Bodega Torres 171,bodega,lima norte,surco,2025-04-04,ACTIVO,2025-04-04,ACTIVO
C00441,Bodega Mamani 991,bodega,trujillo,san juan,2021-09-20,ACTIVO,2021-09-20,ACTIVO
C00442,Restaurante Castillo 765,restaurante/bar,cusco,miraflores,2023-10-26,ACTIVO,2023-10-26,ACTIVO
C00443,Bodega Torres 401,bodega,cusco,comas,2023-03-12,ACTIVO,2023-03-12,ACTIVO
C00444,Bodega Rojas 426,bodega,lima sur,los olivos,2018-12-18,ACTIVO,2018-12-18,ACTIVO
C00445,Mayorista Rojas 352,mayorista,lima este,cayma,2023-02-09,ACTIVO,2023-02-09,ACTIVO
C00446,Restaurante Sánchez 740,restaurante/bar,piura,ventanilla,2025-10-24,ACTIVO,2025-10-24,ACTIVO
C00447,Restaurante Chávez 118,restaurante/bar,arequipa,surco,2018-04-03,ACTIVO,2018-04-03,ACTIVO
C00448,Mayorista Chávez 250,mayorista,lima centro,cayma,2023-10-15,ACTIVO,2023-10-15,ACTIVO
C00449,Bodega Sánchez 238,bodega,lima centro,surco,2022-07-18,ACTIVO,2022-07-18,ACTIVO
C00450,Bodega Quispe 756,bodega,lima este,el porvenir,2024-11-20,ACTIVO,2024-11-20,ACTIVO
C00451,Mayorista Chávez 220,mayorista,callao,villa el salvador,2020-04-22,ACTIVO,2020-04-22,ACTIVO
C00452,Bodega Vargas 105,bodega,lima centro,ate,2024-01-09,ACTIVO,2024-01-09,ACTIVO
C00453,Bodega Rojas 687,bodega,cusco ,miraflores,2023-06-28,ACTIVO,2023-06-28,ACTIVO
C00454,Restaurante Mamani 602,restaurante/bar,arequipa,castilla,,ACTIVO,,ACTIVO
C00455,Bodega Paredes 690,bodega,callao,miraflores,2025-12-01,ACTIVO,2025-12-01,ACTIVO
C00456,Bodega Huamán 321,bodega,lima este,cercado,2019-04-28,ACTIVO,2019-04-28,ACTIVO
C00457,Bodega Huamán 524,bodega,trujillo,miraflores,2022-05-11,ACTIVO,2022-05-11,ACTIVO
C00458,Bodega Huamán 499,bodega,cusco,surco,2025-02-16,INACTIVO,2025-02-16,INACTIVO
C00459,Bodega Huamán 569,bodega,piura,cercado,2019-11-15,ACTIVO,2019-11-15,ACTIVO
C00460,Bodega Sánchez 635,bodega,arequipa,cercado,2018-08-08,ACTIVO,2018-08-08,ACTIVO
C00461,Bodega Mamani 987,bodega,cusco,el porvenir,2024-04-19,ACTIVO,2024-04-19,ACTIVO
C00462,Minimarket Mamani 728,minimarket,piura,miraflores,2022-12-24,ACTIVO,2022-12-24,ACTIVO
C00463,Minimarket Díaz 226,minimarket,lima norte,wanchaq,2021-04-11,ACTIVO,2021-04-11,ACTIVO
C00464,Bodega Díaz 469,bodega,piura,san juan,2024-05-05,ACTIVO,2024-05-05,ACTIVO
C00465,Restaurante Rojas 794,restaurante/bar,arequipa,villa el salvador,2024-02-03,ACTIVO,2024-02-03,ACTIVO
C00466,Bodega Chávez 452,bodega,lima este,los olivos,2024-02-16,ACTIVO,2024-02-16,ACTIVO
C00467,Bodega Díaz 254,bodega,lima norte,cayma,2021-05-04,INACTIVO,2021-05-04,INACTIVO
C00468,Restaurante Flores 450,restaurante/bar,lima este,los olivos,2019-04-26,ACTIVO,2019-04-26,ACTIVO
C00469,Bodega Torres 882,bodega,trujillo,cercado,2025-12-21,ACTIVO,2025-12-21,ACTIVO
C00470,Restaurante Paredes 212,restaurante/bar,arequipa,miraflores,2018-09-01,ACTIVO,2018-09-01,ACTIVO
C00471,Bodega Torres 721,bodega,callao,paucarpata,2021-04-13,ACTIVO,2021-04-13,ACTIVO
C00472,Restaurante Ramos 835,restaurante/bar,lima-c,la esperanza,2019-01-26,ACTIVO,2019-01-26,ACTIVO
C00473,Bodega Rojas 888,bodega,lima centro,cercado,2025-05-10,ACTIVO,2025-05-10,ACTIVO
C00474,Restaurante Chávez 330,restaurante/bar,trujillo,miraflores,2020-10-10,ACTIVO,2020-10-10,ACTIVO
C00475,Bodega Ramos 425,bodega,piura,villa el salvador,2022-03-17,INACTIVO,2022-03-17,INACTIVO
C00476,Restaurante Flores 413,restaurante/bar,callao,la esperanza,2023-10-13,ACTIVO,2023-10-13,ACTIVO
C00477,Bodega Sánchez 336,bodega,lima norte,paucarpata,2024-07-11,ACTIVO,2024-07-11,ACTIVO
C00478,Bodega Chávez 996,bodega,arequipa,villa el salvador,2023-02-21,ACTIVO,2023-02-21,ACTIVO
C00479,Restaurante García 992,restaurante/bar,lima este,cayma,2022-10-26,ACTIVO,2022-10-26,ACTIVO
C00480,Bodega Torres 561,bodega,lima centro,castilla,2024-06-25,ACTIVO,2024-06-25,ACTIVO
C00481,Minimarket Ramos 781,minimarket,lima norte,villa el salvador,2018-07-18,ACTIVO,2018-07-18,ACTIVO
C00482,Minimarket Quispe 128,minimarket,piura,el porvenir,2019-10-10,ACTIVO,2019-10-10,ACTIVO
C00483,Bodega Chávez 932,bodega,callao,la esperanza,2019-06-25,INACTIVO,2019-06-25,INACTIVO
C00484,Minimarket Flores 671,minimarket,callao,surco,2022-01-16,INACTIVO,2022-01-16,INACTIVO
C00485,Bodega Huamán 54,bodega,callao,villa el salvador,2022-06-12,ACTIVO,2022-06-12,ACTIVO
C00486,Restaurante Ramos 94,restaurante/bar,lima sur,castilla,2025-11-22,ACTIVO,2025-11-22,ACTIVO
C00487,Bodega Vargas 232,bodega,piura,los olivos,2023-10-29,ACTIVO,2023-10-29,ACTIVO
C00488,Bodega Flores 881,bodega,lima centro,ate,2022-09-26,ACTIVO,2022-09-26,ACTIVO
C00489,Restaurante Chávez 826,restaurante/bar,lima sur,la esperanza,2019-02-24,ACTIVO,2019-02-24,ACTIVO
C00490,Restaurante Mamani 793,restaurante/bar,lima centro,miraflores,2019-06-30,ACTIVO,2019-06-30,ACTIVO
C00491,Bodega Ramos 169,bodega,arequipa,surco,2022-12-08,ACTIVO,2022-12-08,ACTIVO
C00492,Minimarket Mamani 631,minimarket,piura,san juan,2025-09-13,INACTIVO,2025-09-13,INACTIVO
C00493,Bodega Huamán 771,bodega,trujillo,el porvenir,2019-05-20,ACTIVO,2019-05-20,ACTIVO
C00494,Bodega Huamán 254,bodega,lima sur,miraflores,2021-02-08,ACTIVO,2021-02-08,ACTIVO
C00495,Bodega Vargas 292,bodega,lima norte,surco,2025-09-29,INACTIVO,2025-09-29,INACTIVO
C00496,Bodega García 531,bodega,cusco,el porvenir,2024-10-21,ACTIVO,2024-10-21,ACTIVO
C00497,Bodega Quispe 803,bodega,piura,ate,2020-09-07,ACTIVO,2020-09-07,ACTIVO
C00498,Bodega Vargas 73,bodega,lima norte ,cercado,2023-12-04,ACTIVO,2023-12-04,ACTIVO
C00499,Restaurante Paredes 583,restaurante/bar,arequipa,cercado,2022-09-20,ACTIVO,2022-09-20,ACTIVO
C00500,Restaurante Díaz 75,restaurante/bar,lima sur,ate,2018-03-10,ACTIVO,2018-03-10,ACTIVO
C00501,Minimarket Quispe 972,minimarket,cusco,los olivos,2022-06-19,ACTIVO,2022-06-19,ACTIVO
C00502,Bodega Mamani 434,bodega,trujillo,wanchaq,2025-11-14,ACTIVO,2025-11-14,ACTIVO
C00503,Bodega Huamán 285,bodega,callao,la esperanza,2018-12-09,ACTIVO,2018-12-09,ACTIVO
C00504,Mayorista Díaz 160,mayorista,arequipa,surco,2024-01-07,ACTIVO,2024-01-07,ACTIVO
C00505,Minimarket Ramos 698,minimarket,lima sur,el porvenir,2025-03-19,ACTIVO,2025-03-19,ACTIVO
C00506,Bodega Paredes 245,bodega,lima este,el porvenir,2018-08-26,ACTIVO,2018-08-26,ACTIVO
C00507,Restaurante Vargas 624,restaurante/bar,callao,surco,2018-08-14,ACTIVO,2018-08-14,ACTIVO
C00508,Mayorista Flores 13,mayorista,lima centro,cercado,2025-12-09,ACTIVO,2025-12-09,ACTIVO
C00509,Restaurante Torres 536,restaurante/bar,callao,cercado,2023-10-20,ACTIVO,2023-10-20,ACTIVO
C00510,Minimarket Paredes 276,minimarket,lima norte,el porvenir,2019-04-29,ACTIVO,2019-04-29,ACTIVO
C00511,Bodega Flores 270,bodega,lima sur,wanchaq,2025-12-27,ACTIVO,2025-12-27,ACTIVO
C00512,Bodega Sánchez 880,bodega,lima centro,ventanilla,2024-05-10,ACTIVO,2024-05-10,ACTIVO
C00513,Restaurante Vargas 691,restaurante/bar,lima sur,wanchaq,2026-02-08,ACTIVO,2026-02-08,ACTIVO
C00514,Restaurante Paredes 884,restaurante/bar,lima este,cayma,2018-02-20,ACTIVO,2018-02-20,ACTIVO
C00515,Bodega Huamán 184,bodega,cusco,los olivos,2018-05-25,ACTIVO,2018-05-25,ACTIVO
C00516,Bodega Mamani 230,bodega,lima este,los olivos,2021-08-11,ACTIVO,2021-08-11,ACTIVO
C00517,Bodega Paredes 80,bodega,arequipa,surco,2024-05-30,INACTIVO,2024-05-30,INACTIVO
C00518,Mayorista Huamán 229,mayorista,lima norte,la esperanza,2023-10-14,ACTIVO,2023-10-14,ACTIVO
C00519,Restaurante Rojas 793,restaurante/bar,arequipa,castilla,2021-06-26,ACTIVO,2021-06-26,ACTIVO
C00520,Bodega García 299,bodega,callao,ate,2024-04-28,ACTIVO,2024-04-28,ACTIVO
C00521,Bodega Vargas 996,bodega,lima este,wanchaq,2023-07-14,ACTIVO,2023-07-14,ACTIVO
C00522,Bodega García 155,bodega,trujillo,wanchaq,2018-01-27,ACTIVO,2018-01-27,ACTIVO
C00523,Restaurante Paredes 711,restaurante/bar,arequipa,surco,2018-02-09,ACTIVO,2018-02-09,ACTIVO
C00524,Mayorista Chávez 745,mayorista,lima sur,ate,2021-06-13,ACTIVO,2021-06-13,ACTIVO
C00525,Mayorista Quispe 996,mayorista,callao,la esperanza,2019-08-07,ACTIVO,2019-08-07,ACTIVO
C00526,Bodega Paredes 533,bodega,arequipa,los olivos,2022-08-19,ACTIVO,2022-08-19,ACTIVO
C00527,Bodega Flores 518,bodega,trujillo,miraflores,2019-07-01,ACTIVO,2019-07-01,ACTIVO
C00528,Bodega Ramos 988,bodega,lima este,paucarpata,2019-06-20,ACTIVO,2019-06-20,ACTIVO
C00529,Bodega Díaz 403,bodega,arequipa,ventanilla,2025-11-10,ACTIVO,2025-11-10,ACTIVO
C00530,Restaurante García 140,restaurante/bar,lima sur,cercado,2024-07-22,ACTIVO,2024-07-22,ACTIVO
C00531,Mayorista Torres 417,mayorista,cusco,villa el salvador,2019-05-10,ACTIVO,2019-05-10,ACTIVO
C00532,Restaurante Rojas 475,restaurante/bar,lima sur,villa el salvador,2020-12-21,ACTIVO,2020-12-21,ACTIVO
C00533,Restaurante Paredes 722,restaurante/bar,lima norte,paucarpata,2025-10-25,ACTIVO,2025-10-25,ACTIVO
C00534,Bodega Flores 729,bodega,arequipa,comas,2020-10-13,ACTIVO,2020-10-13,ACTIVO
C00535,Mayorista Rojas 840,mayorista,lima-n,wanchaq,2019-12-14,ACTIVO,2019-12-14,ACTIVO
C00536,Restaurante García 97,restaurante/bar,lima sur,cercado,2023-03-08,ACTIVO,2023-03-08,ACTIVO
C00537,Mayorista Quispe 851,mayorista,lima centro,el porvenir,2020-06-29,ACTIVO,2020-06-29,ACTIVO
C00538,Bodega Ramos 961,bodega,lima sur,ventanilla,2025-03-25,INACTIVO,2025-03-25,INACTIVO
C00539,Bodega Flores 23,bodega,lima este,castilla,2018-09-22,ACTIVO,2018-09-22,ACTIVO
C00540,Bodega Flores 927,bodega,lima sur,castilla,,ACTIVO,,ACTIVO
C00541,Restaurante Vargas 444,restaurante/bar,trujillo,el porvenir,2026-02-15,ACTIVO,2026-02-15,ACTIVO
C00542,Bodega Huamán 363,bodega,lima centro,castilla,2020-05-29,INACTIVO,2020-05-29,INACTIVO
C00543,Bodega Quispe 629,bodega,lima este,castilla,2024-12-11,ACTIVO,2024-12-11,ACTIVO
C00544,Minimarket Castillo 491,minimarket,lima sur,cercado,2018-09-07,ACTIVO,2018-09-07,ACTIVO
C00545,Bodega Ramos 906,bodega,lima este,villa el salvador,2023-11-24,ACTIVO,2023-11-24,ACTIVO
C00546,Bodega Quispe 392,bodega,arequipa,villa el salvador,2025-12-31,ACTIVO,2025-12-31,ACTIVO
C00547,Bodega Vargas 515,bodega,trujillo,comas,2021-08-10,ACTIVO,2021-08-10,ACTIVO
C00548,Minimarket García 31,minimarket,lima norte,castilla,2021-02-24,ACTIVO,2021-02-24,ACTIVO
C00549,Bodega Díaz 599,bodega,lima centro,surco,2020-08-11,ACTIVO,2020-08-11,ACTIVO
C00550,Mayorista Castillo 836,mayorista,lima este,villa el salvador,2018-08-18,ACTIVO,2018-08-18,ACTIVO
C00551,Bodega Paredes 866,bodega,lima centro,cayma,2019-12-13,ACTIVO,2019-12-13,ACTIVO
C00552,Restaurante Chávez 368,restaurante/bar,lima norte,cayma,2024-08-20,INACTIVO,2024-08-20,INACTIVO
C00553,Bodega Vargas 146,bodega,lima este,villa el salvador,2024-04-25,INACTIVO,2024-04-25,INACTIVO
C00554,Bodega Sánchez 556,bodega,lima centro,san juan,2021-06-19,ACTIVO,2021-06-19,ACTIVO
C00555,Restaurante Vargas 225,restaurante/bar,cusco,cayma,2018-03-23,INACTIVO,2018-03-23,INACTIVO
C00556,Bodega García 826,bodega,arequipa,la esperanza,2019-06-19,ACTIVO,2019-06-19,ACTIVO
C00557,Bodega Paredes 332,bodega,lima norte,los olivos,2018-09-01,INACTIVO,2018-09-01,INACTIVO
C00558,Bodega Díaz 114,bodega,arequipa ,los olivos,2023-11-26,INACTIVO,2023-11-26,INACTIVO
C00559,Mayorista Mamani 601,mayorista,arequipa,cercado,2019-02-18,INACTIVO,2019-02-18,INACTIVO
C00560,Minimarket Chávez 972,minimarket,piura,cercado,2022-11-25,ACTIVO,2022-11-25,ACTIVO
C00561,Minimarket Castillo 711,minimarket,arequipa,miraflores,2024-11-18,ACTIVO,2024-11-18,ACTIVO
C00562,Bodega Mamani 315,bodega,callao,los olivos,2025-09-21,ACTIVO,2025-09-21,ACTIVO
C00563,Bodega Chávez 972,bodega,trujillo,villa el salvador,2024-06-04,INACTIVO,2024-06-04,INACTIVO
C00564,Bodega Quispe 187,bodega,arequipa,miraflores,2024-10-03,ACTIVO,2024-10-03,ACTIVO
C00565,Bodega Vargas 107,bodega,lima centro,san juan,2023-07-26,ACTIVO,2023-07-26,ACTIVO
C00566,Bodega Torres 172,bodega,lima sur,surco,2025-02-18,ACTIVO,2025-02-18,ACTIVO
C00567,Bodega Torres 458,bodega,callao,los olivos,2018-02-16,ACTIVO,2018-02-16,ACTIVO
C00568,Bodega Rojas 806,bodega,lima norte,castilla,2019-03-19,ACTIVO,2019-03-19,ACTIVO
C00569,Restaurante Huamán 906,restaurante/bar,piura,cayma,2022-08-23,ACTIVO,2022-08-23,ACTIVO
C00570,Bodega Flores 849,bodega,lima este,san juan,2023-05-18,ACTIVO,2023-05-18,ACTIVO
C00571,Bodega Quispe 302,bodega,arequipa,san juan,2018-03-24,ACTIVO,2018-03-24,ACTIVO
C00572,Mayorista Huamán 910,mayorista,lima centro,wanchaq,2022-03-18,INACTIVO,2022-03-18,INACTIVO
C00573,Bodega Flores 347,bodega,piura,el porvenir,2024-08-30,INACTIVO,2024-08-30,INACTIVO
C00574,Minimarket Huamán 622,minimarket,lima centro,cayma,2022-11-14,ACTIVO,2022-11-14,ACTIVO
C00575,Restaurante García 420,restaurante/bar,cusco,los olivos,2025-10-26,ACTIVO,2025-10-26,ACTIVO
C00576,Restaurante Ramos 289,restaurante/bar,lima este,el porvenir,2021-05-03,ACTIVO,2021-05-03,ACTIVO
C00577,Bodega Paredes 503,bodega,lima norte,el porvenir,2019-09-22,ACTIVO,2019-09-22,ACTIVO
C00578,Restaurante Paredes 678,restaurante/bar,piura,comas,2025-01-04,ACTIVO,2025-01-04,ACTIVO
C00579,Bodega Ramos 299,bodega,piura,ventanilla,2018-12-02,ACTIVO,2018-12-02,ACTIVO
C00580,Bodega Sánchez 501,bodega,callao,wanchaq,2025-05-31,ACTIVO,2025-05-31,ACTIVO
C00581,Bodega Torres 907,bodega,arequipa,comas,2022-04-12,ACTIVO,2022-04-12,ACTIVO
C00582,Restaurante Sánchez 270,restaurante/bar,callao,cercado,2020-07-15,ACTIVO,2020-07-15,ACTIVO
C00583,Bodega Ramos 100,bodega,arequipa,el porvenir,2018-12-18,INACTIVO,2018-12-18,INACTIVO
C00584,Bodega Vargas 233,bodega,lima norte,paucarpata,2024-03-17,ACTIVO,2024-03-17,ACTIVO
C00585,Minimarket Castillo 704,minimarket,lima este,san juan,2023-04-29,ACTIVO,2023-04-29,ACTIVO
C00586,Bodega Paredes 732,bodega,cusco,wanchaq,2018-05-23,ACTIVO,2018-05-23,ACTIVO
C00587,Bodega Ramos 636,bodega,lima-s,cercado,2019-08-27,INACTIVO,2019-08-27,INACTIVO
C00588,Bodega Huamán 996,bodega,lima este,el porvenir,2020-05-17,ACTIVO,2020-05-17,ACTIVO
C00589,Bodega Ramos 446,bodega,lima centro,ventanilla,2020-04-07,ACTIVO,2020-04-07,ACTIVO
C00590,Bodega Chávez 937,bodega,lima sur,el porvenir,2018-10-02,ACTIVO,2018-10-02,ACTIVO
C00591,Bodega Paredes 283,bodega,piura,comas,2023-10-30,ACTIVO,2023-10-30,ACTIVO
C00592,Minimarket Vargas 602,minimarket,trujillo,cercado,2023-11-11,ACTIVO,2023-11-11,ACTIVO
C00593,Bodega Vargas 597,bodega,lima sur,san juan,2019-02-15,ACTIVO,2019-02-15,ACTIVO
C00594,Bodega Paredes 549,bodega,trujillo,surco,2021-11-09,ACTIVO,2021-11-09,ACTIVO
C00595,Restaurante Vargas 485,restaurante/bar,lima centro,cercado,2018-06-03,ACTIVO,2018-06-03,ACTIVO
C00596,Bodega Ramos 711,bodega,lima norte,la esperanza,2022-07-04,ACTIVO,2022-07-04,ACTIVO
C00597,Minimarket García 51,minimarket,callao,comas,2023-05-01,ACTIVO,2023-05-01,ACTIVO
C00598,Bodega Díaz 311,bodega,callao,paucarpata,2021-06-27,ACTIVO,2021-06-27,ACTIVO
C00599,Bodega Flores 996,bodega,lima centro,los olivos,2020-07-22,ACTIVO,2020-07-22,ACTIVO
C00600,Bodega Paredes 329,bodega,trujillo,san juan,2021-01-08,ACTIVO,2021-01-08,ACTIVO
C00601,Bodega García 936,bodega,piura,paucarpata,2022-07-26,ACTIVO,2022-07-26,ACTIVO
C00602,Bodega Quispe 528,bodega,lima sur,wanchaq,2019-10-14,ACTIVO,2019-10-14,ACTIVO
C00603,Bodega Díaz 872,bodega,lima norte,la esperanza,2023-11-18,ACTIVO,2023-11-18,ACTIVO
C00604,Bodega Paredes 60,bodega,lima norte,la esperanza,2020-10-18,ACTIVO,2020-10-18,ACTIVO
C00605,Bodega García 281,bodega,piura,surco,2022-02-17,INACTIVO,2022-02-17,INACTIVO
C00606,Bodega Ramos 32,bodega,arequipa,castilla,2020-09-17,ACTIVO,2020-09-17,ACTIVO
C00607,Bodega Paredes 486,bodega,cusco,cercado,2024-07-31,ACTIVO,2024-07-31,ACTIVO
C00608,Bodega Rojas 767,bodega,lima sur,el porvenir,2025-09-22,ACTIVO,2025-09-22,ACTIVO
C00609,Bodega Paredes 586,bodega,lima este,surco,2020-05-27,ACTIVO,2020-05-27,ACTIVO
C00610,Minimarket Ramos 420,minimarket,lima norte,villa el salvador,2023-10-04,ACTIVO,2023-10-04,ACTIVO
C00611,Bodega Sánchez 934,bodega,lima centro,comas,2019-06-26,ACTIVO,2019-06-26,ACTIVO
C00612,Mayorista Vargas 825,mayorista,callao,el porvenir,2021-06-05,INACTIVO,2021-06-05,INACTIVO
C00613,Minimarket Sánchez 259,minimarket,piura,wanchaq,2020-06-12,ACTIVO,2020-06-12,ACTIVO
C00614,Bodega Mamani 599,bodega,lima norte,surco,2019-02-24,INACTIVO,2019-02-24,INACTIVO
C00615,Restaurante Paredes 384,restaurante/bar,callao,san juan,2024-04-18,ACTIVO,2024-04-18,ACTIVO
C00616,Restaurante Torres 284,restaurante/bar,arequipa,ventanilla,2025-03-08,ACTIVO,2025-03-08,ACTIVO
C00617,Bodega Ramos 306,bodega,lima centro,ate,2020-02-11,INACTIVO,2020-02-11,INACTIVO
C00618,Bodega Díaz 878,bodega,trujillo,surco,2024-09-23,ACTIVO,2024-09-23,ACTIVO
C00619,Mayorista Quispe 672,mayorista,callao,el porvenir,2023-07-31,ACTIVO,2023-07-31,ACTIVO
C00620,Minimarket Chávez 37,minimarket,lima este,los olivos,2024-07-16,ACTIVO,2024-07-16,ACTIVO
C00621,Bodega Castillo 654,bodega,arequipa,paucarpata,2023-05-03,ACTIVO,2023-05-03,ACTIVO
C00622,Bodega Ramos 898,bodega,lima centro,castilla,2024-04-05,ACTIVO,2024-04-05,ACTIVO
C00623,Bodega Rojas 743,bodega,lima centro ,surco,2024-04-08,ACTIVO,2024-04-08,ACTIVO
C00624,Bodega Torres 229,bodega,trujillo,cayma,2021-06-11,ACTIVO,2021-06-11,ACTIVO
C00625,Bodega Vargas 302,bodega,lima sur,paucarpata,2023-03-15,ACTIVO,2023-03-15,ACTIVO
C00626,Bodega Vargas 967,bodega,lima sur,ate,2024-12-17,ACTIVO,2024-12-17,ACTIVO
C00627,Bodega Paredes 698,bodega,cusco,comas,2022-04-13,INACTIVO,2022-04-13,INACTIVO
C00628,Minimarket Huamán 141,minimarket,arequipa,miraflores,2020-03-31,INACTIVO,2020-03-31,INACTIVO
C00629,Bodega Sánchez 147,bodega,lima centro,castilla,2021-07-19,ACTIVO,2021-07-19,ACTIVO
C00630,Bodega Huamán 321,bodega,lima norte,ventanilla,2025-02-11,ACTIVO,2025-02-11,ACTIVO
C00631,Minimarket Díaz 173,minimarket,lima centro,villa el salvador,2024-06-18,ACTIVO,2024-06-18,ACTIVO
C00632,Restaurante Huamán 630,restaurante/bar,trujillo,castilla,2022-11-12,ACTIVO,2022-11-12,ACTIVO
C00633,Bodega Quispe 547,bodega,arequipa ,villa el salvador,2020-03-27,ACTIVO,2020-03-27,ACTIVO
C00634,Bodega García 19,bodega,lima norte,ate,2025-08-03,ACTIVO,2025-08-03,ACTIVO
C00635,Bodega Torres 320,bodega,lima sur,miraflores,2019-06-13,ACTIVO,2019-06-13,ACTIVO
C00636,Bodega Flores 844,bodega,callao,los olivos,2018-07-07,ACTIVO,2018-07-07,ACTIVO
C00637,Bodega Castillo 346,bodega,lima centro,la esperanza,2022-11-12,ACTIVO,2022-11-12,ACTIVO
C00638,Bodega Díaz 193,bodega,trujillo,ate,2019-11-07,ACTIVO,2019-11-07,ACTIVO
C00639,Bodega Huamán 217,bodega,cusco,cayma,2018-03-31,ACTIVO,2018-03-31,ACTIVO
C00640,Bodega Díaz 39,bodega,callao,miraflores,2022-03-17,ACTIVO,2022-03-17,ACTIVO
C00641,Bodega Quispe 678,bodega,lima norte,san juan,2019-03-19,ACTIVO,2019-03-19,ACTIVO
C00642,Bodega Mamani 127,bodega,callao,cercado,,ACTIVO,,ACTIVO
C00643,Bodega Ramos 646,bodega,callao,san juan,2018-02-08,ACTIVO,2018-02-08,ACTIVO
C00644,Bodega Rojas 638,bodega,lima centro,la esperanza,2024-10-16,ACTIVO,2024-10-16,ACTIVO
C00645,Bodega Chávez 633,bodega,callao,san juan,2019-04-28,ACTIVO,2019-04-28,ACTIVO
C00646,Restaurante Vargas 205,restaurante/bar,cusco ,los olivos,2020-12-13,ACTIVO,2020-12-13,ACTIVO
C00647,Bodega Huamán 41,bodega,piura,los olivos,2024-02-24,INACTIVO,2024-02-24,INACTIVO
C00648,Minimarket Torres 241,minimarket,lima norte,la esperanza,2018-01-12,ACTIVO,2018-01-12,ACTIVO
C00649,Mayorista Vargas 686,mayorista,lima centro,los olivos,2023-07-17,ACTIVO,2023-07-17,ACTIVO
C00650,Bodega Rojas 660,bodega,piura ,ventanilla,2020-08-04,ACTIVO,2020-08-04,ACTIVO
C00651,Bodega Flores 833,bodega,lima norte,cayma,2019-12-17,ACTIVO,2019-12-17,ACTIVO
C00652,Bodega Torres 437,bodega,lima sur,la esperanza,2019-04-20,ACTIVO,2019-04-20,ACTIVO
C00653,Bodega Paredes 142,bodega,lima centro,la esperanza,2025-06-10,ACTIVO,2025-06-10,ACTIVO
C00654,Minimarket Vargas 275,minimarket,arequipa,cercado,2019-01-16,ACTIVO,2019-01-16,ACTIVO
C00655,Bodega Mamani 986,bodega,callao,los olivos,2023-02-13,INACTIVO,2023-02-13,INACTIVO
C00656,Bodega Díaz 432,bodega,lima centro,los olivos,2025-04-11,ACTIVO,2025-04-11,ACTIVO
C00657,Bodega Paredes 164,bodega,trujillo,castilla,2019-03-01,ACTIVO,2019-03-01,ACTIVO
C00658,Bodega Ramos 449,bodega,trujillo,miraflores,2020-01-13,ACTIVO,2020-01-13,ACTIVO
C00659,Minimarket Ramos 902,minimarket,lima centro,castilla,2026-02-26,ACTIVO,2026-02-26,ACTIVO
C00660,Bodega Mamani 452,bodega,lima sur,cayma,2018-07-08,ACTIVO,2018-07-08,ACTIVO
C00661,Bodega Paredes 695,bodega,lima este ,wanchaq,2023-11-20,ACTIVO,2023-11-20,ACTIVO
C00662,Restaurante Chávez 634,restaurante/bar,trujillo,ate,2019-01-26,ACTIVO,2019-01-26,ACTIVO
C00663,Bodega Ramos 693,bodega,trujillo,paucarpata,2025-03-12,ACTIVO,2025-03-12,ACTIVO
C00664,Bodega Vargas 56,bodega,lima centro,castilla,2018-02-17,INACTIVO,2018-02-17,INACTIVO
C00665,Bodega Paredes 170,bodega,piura,cayma,2018-11-03,INACTIVO,2018-11-03,INACTIVO
C00666,Bodega Quispe 520,bodega,cusco,el porvenir,2020-07-01,ACTIVO,2020-07-01,ACTIVO
C00667,Bodega Flores 471,bodega,piura,castilla,2022-12-25,ACTIVO,2022-12-25,ACTIVO
C00668,Bodega Flores 510,bodega,lima norte,el porvenir,2025-04-30,ACTIVO,2025-04-30,ACTIVO
C00669,Bodega Castillo 1,bodega,callao,wanchaq,2019-01-08,ACTIVO,2019-01-08,ACTIVO
C00670,Bodega Ramos 468,bodega,arequipa,paucarpata,2021-10-28,ACTIVO,2021-10-28,ACTIVO
C00671,Bodega Sánchez 340,bodega,piura,cayma,2024-04-13,ACTIVO,2024-04-13,ACTIVO
C00672,Restaurante Flores 100,restaurante/bar,lima este,cayma,2025-05-22,ACTIVO,2025-05-22,ACTIVO
C00673,Bodega Díaz 299,bodega,cusco,san juan,2024-02-22,ACTIVO,2024-02-22,ACTIVO
C00674,Bodega Huamán 505,bodega,trujillo,miraflores,2019-07-30,ACTIVO,2019-07-30,ACTIVO
C00675,Bodega Flores 953,bodega,lima este,villa el salvador,2022-05-29,ACTIVO,2022-05-29,ACTIVO
C00676,Restaurante Torres 111,restaurante/bar,lima norte,paucarpata,2022-08-25,ACTIVO,2022-08-25,ACTIVO
C00677,Bodega Flores 791,bodega,piura,wanchaq,2023-01-20,ACTIVO,2023-01-20,ACTIVO
C00678,Bodega Sánchez 5,bodega,lima norte,el porvenir,2023-12-13,ACTIVO,2023-12-13,ACTIVO
C00679,Restaurante Sánchez 947,restaurante/bar,lima centro,cercado,2023-09-14,ACTIVO,2023-09-14,ACTIVO
C00680,Restaurante Huamán 107,restaurante/bar,arequipa,el porvenir,2022-05-06,ACTIVO,2022-05-06,ACTIVO
C00681,Mayorista Vargas 938,mayorista,lima este,cayma,2025-10-07,INACTIVO,2025-10-07,INACTIVO
C00682,Bodega Sánchez 825,bodega,lima centro,los olivos,2019-07-01,INACTIVO,2019-07-01,INACTIVO
C00683,Bodega Castillo 307,bodega,cusco,los olivos,2025-11-13,ACTIVO,2025-11-13,ACTIVO
C00684,Minimarket Castillo 648,minimarket,lima este,los olivos,2020-06-09,ACTIVO,2020-06-09,ACTIVO
C00685,Restaurante Torres 944,restaurante/bar,lima centro,wanchaq,2025-07-17,ACTIVO,2025-07-17,ACTIVO
C00686,Bodega Ramos 331,bodega,lima sur,wanchaq,2025-12-19,ACTIVO,2025-12-19,ACTIVO
C00687,Bodega Vargas 966,bodega,trujillo,la esperanza,2025-06-25,ACTIVO,2025-06-25,ACTIVO
C00688,Bodega Rojas 899,bodega,lima norte,comas,2022-09-27,ACTIVO,2022-09-27,ACTIVO
C00689,Mayorista Quispe 687,mayorista,lima este,villa el salvador,2018-08-20,ACTIVO,2018-08-20,ACTIVO
C00690,Bodega Rojas 700,bodega,lima centro,los olivos,2020-10-23,ACTIVO,2020-10-23,ACTIVO
C00691,Bodega García 772,bodega,lima norte,castilla,2024-01-26,ACTIVO,2024-01-26,ACTIVO
C00692,Bodega Paredes 692,bodega,lima este,wanchaq,2024-04-20,ACTIVO,2024-04-20,ACTIVO
C00693,Bodega Castillo 804,bodega,callao,comas,2025-10-22,INACTIVO,2025-10-22,INACTIVO
C00694,Bodega Mamani 427,bodega,arequipa,comas,2025-09-07,ACTIVO,2025-09-07,ACTIVO
C00695,Bodega García 636,bodega,lima este,los olivos,2022-12-20,ACTIVO,2022-12-20,ACTIVO
C00696,Bodega Torres 774,bodega,cusco,ate,2024-08-07,ACTIVO,2024-08-07,ACTIVO
C00697,Bodega García 302,bodega,lima centro,cercado,2023-01-13,INACTIVO,2023-01-13,INACTIVO
C00698,Bodega Chávez 527,bodega,trujillo,ventanilla,2019-05-04,ACTIVO,2019-05-04,ACTIVO
C00699,Bodega Huamán 165,bodega,callao,castilla,2024-07-20,ACTIVO,2024-07-20,ACTIVO
C00700,Bodega Huamán 41,bodega,arequipa,villa el salvador,2019-09-22,INACTIVO,2019-09-22,INACTIVO
C00701,Bodega Vargas 864,bodega,callao,miraflores,2025-06-04,ACTIVO,2025-06-04,ACTIVO
C00702,Bodega Flores 803,bodega,arequipa,cercado,2025-12-08,ACTIVO,2025-12-08,ACTIVO
C00703,Bodega Díaz 518,bodega,trujillo,el porvenir,2019-10-15,ACTIVO,2019-10-15,ACTIVO
C00704,Bodega García 905,bodega,arequipa,ventanilla,2020-05-23,ACTIVO,2020-05-23,ACTIVO
C00705,Bodega Díaz 634,bodega,piura,san juan,2023-12-13,ACTIVO,2023-12-13,ACTIVO
C00706,Restaurante Sánchez 247,restaurante/bar,lima este ,el porvenir,2025-03-15,INACTIVO,2025-03-15,INACTIVO
C00707,Bodega Flores 396,bodega,cusco,comas,2020-11-16,INACTIVO,2020-11-16,INACTIVO
C00708,Mayorista Paredes 789,mayorista,cusco,castilla,2022-03-16,ACTIVO,2022-03-16,ACTIVO
C00709,Bodega Rojas 920,bodega,lima este,san juan,2025-04-22,INACTIVO,2025-04-22,INACTIVO
C00710,Minimarket Huamán 995,minimarket,cusco,san juan,2024-01-13,ACTIVO,2024-01-13,ACTIVO
C00711,Mayorista Ramos 793,mayorista,trujillo,ate,2020-05-23,ACTIVO,2020-05-23,ACTIVO
C00712,Bodega Chávez 900,bodega,lima sur,cercado,2022-11-18,ACTIVO,2022-11-18,ACTIVO
C00713,Bodega Chávez 340,bodega,lima sur,cercado,2018-06-05,ACTIVO,2018-06-05,ACTIVO
C00714,Bodega Castillo 73,bodega,lima este,el porvenir,2024-06-13,ACTIVO,2024-06-13,ACTIVO
C00715,Bodega Ramos 415,bodega,arequipa,surco,2022-11-09,ACTIVO,2022-11-09,ACTIVO
C00716,Restaurante Quispe 657,restaurante/bar,lima sur,miraflores,2026-01-29,ACTIVO,2026-01-29,ACTIVO
C00717,Mayorista Paredes 75,mayorista,cusco,villa el salvador,2022-01-05,ACTIVO,2022-01-05,ACTIVO
C00718,Restaurante Vargas 89,restaurante/bar,piura,paucarpata,2021-02-27,ACTIVO,2021-02-27,ACTIVO
C00719,Bodega Sánchez 161,bodega,lima este,el porvenir,2023-12-26,ACTIVO,2023-12-26,ACTIVO
C00720,Minimarket Paredes 559,minimarket,lima centro,la esperanza,2021-04-23,INACTIVO,2021-04-23,INACTIVO
C00721,Restaurante Díaz 888,restaurante/bar,arequipa,wanchaq,2026-03-07,INACTIVO,2026-03-07,INACTIVO
C00722,Bodega Huamán 127,bodega,lima norte,el porvenir,2018-06-21,ACTIVO,2018-06-21,ACTIVO
C00723,Bodega Flores 313,bodega,arequipa,la esperanza,2020-05-10,ACTIVO,2020-05-10,ACTIVO
C00724,Minimarket Castillo 146,minimarket,lima centro,paucarpata,2019-10-22,ACTIVO,2019-10-22,ACTIVO
C00725,Bodega Flores 186,bodega,lima norte,la esperanza,2025-07-11,INACTIVO,2025-07-11,INACTIVO
C00726,Mayorista Castillo 473,mayorista,cusco,surco,2025-03-25,ACTIVO,2025-03-25,ACTIVO
C00727,Bodega Flores 203,bodega,piura ,cercado,2026-02-20,ACTIVO,2026-02-20,ACTIVO
C00728,Mayorista García 103,mayorista,lima sur,cayma,2021-03-13,ACTIVO,2021-03-13,ACTIVO
C00729,Bodega Torres 632,bodega,callao,cercado,2025-05-24,ACTIVO,2025-05-24,ACTIVO
C00730,Bodega Torres 828,bodega,trujillo,cayma,2021-07-19,ACTIVO,2021-07-19,ACTIVO
C00731,Bodega García 730,bodega,trujillo,cayma,2025-03-09,ACTIVO,2025-03-09,ACTIVO
C00732,Mayorista Chávez 340,mayorista,piura,villa el salvador,2023-05-20,ACTIVO,2023-05-20,ACTIVO
C00733,Minimarket Castillo 112,minimarket,lima sur,paucarpata,2019-12-21,ACTIVO,2019-12-21,ACTIVO
C00734,Bodega Castillo 202,bodega,lima sur,la esperanza,2020-12-14,ACTIVO,2020-12-14,ACTIVO
C00735,Bodega Castillo 647,bodega,trujillo,ate,2018-05-08,INACTIVO,2018-05-08,INACTIVO
C00736,Restaurante Castillo 267,restaurante/bar,cusco,villa el salvador,2024-02-05,ACTIVO,2024-02-05,ACTIVO
C00737,Bodega Mamani 229,bodega,callao,wanchaq,2024-08-12,ACTIVO,2024-08-12,ACTIVO
C00738,Mayorista Mamani 373,mayorista,lima norte,paucarpata,2023-08-19,INACTIVO,2023-08-19,INACTIVO
C00739,Bodega Vargas 701,bodega,cusco,cercado,2019-11-11,ACTIVO,2019-11-11,ACTIVO
C00740,Bodega Vargas 676,bodega,piura,comas,2019-08-22,ACTIVO,2019-08-22,ACTIVO
C00741,Bodega Sánchez 238,bodega,callao,comas,2018-09-15,ACTIVO,2018-09-15,ACTIVO
C00742,Bodega Castillo 930,bodega,trujillo,castilla,2022-01-19,INACTIVO,2022-01-19,INACTIVO
C00743,Minimarket Quispe 665,minimarket,lima sur,wanchaq,2021-08-20,ACTIVO,2021-08-20,ACTIVO
C00744,Bodega Rojas 855,bodega,cusco,el porvenir,2020-12-14,ACTIVO,2020-12-14,ACTIVO
C00745,Bodega Torres 602,bodega,lima sur,el porvenir,2025-04-30,INACTIVO,2025-04-30,INACTIVO
C00746,Restaurante García 529,restaurante/bar,arequipa,cayma,2022-07-21,ACTIVO,2022-07-21,ACTIVO
C00747,Bodega Sánchez 909,bodega,lima norte,cercado,2024-10-10,ACTIVO,2024-10-10,ACTIVO
C00748,Bodega García 79,bodega,callao,cercado,2023-10-09,ACTIVO,2023-10-09,ACTIVO
C00749,Restaurante Vargas 735,restaurante/bar,lima este,cayma,2019-04-30,ACTIVO,2019-04-30,ACTIVO
C00750,Minimarket Sánchez 692,minimarket,piura,cercado,2023-05-16,ACTIVO,2023-05-16,ACTIVO
C00751,Bodega Mamani 23,bodega,lima norte,miraflores,2020-09-25,ACTIVO,2020-09-25,ACTIVO
C00752,Restaurante Ramos 525,restaurante/bar,lima centro,ventanilla,2018-06-10,INACTIVO,2018-06-10,INACTIVO
C00753,Minimarket Castillo 982,minimarket,lima norte,los olivos,2022-07-19,ACTIVO,2022-07-19,ACTIVO
C00754,Bodega Rojas 970,bodega,lima este,castilla,2018-12-18,INACTIVO,2018-12-18,INACTIVO
C00755,Bodega Huamán 225,bodega,lima centro,paucarpata,2022-08-10,ACTIVO,2022-08-10,ACTIVO
C00756,Mayorista Vargas 676,mayorista,callao,surco,,ACTIVO,,ACTIVO
C00757,Minimarket Sánchez 611,minimarket,lima sur,el porvenir,2024-08-16,ACTIVO,2024-08-16,ACTIVO
C00758,Bodega Quispe 208,bodega,cusco,paucarpata,2023-11-12,ACTIVO,2023-11-12,ACTIVO
C00759,Restaurante Flores 182,restaurante/bar,lima norte,wanchaq,2023-05-04,ACTIVO,2023-05-04,ACTIVO
C00760,Mayorista Flores 96,mayorista,lima centro,wanchaq,2023-05-30,ACTIVO,2023-05-30,ACTIVO
C00761,Bodega Díaz 695,bodega,trujillo,cayma,2025-04-13,INACTIVO,2025-04-13,INACTIVO
C00762,Bodega Chávez 543,bodega,lima este,castilla,2022-10-24,ACTIVO,2022-10-24,ACTIVO
C00763,Bodega Mamani 359,bodega,lima sur,ventanilla,2024-08-09,ACTIVO,2024-08-09,ACTIVO
C00764,Minimarket García 932,minimarket,callao,wanchaq,2018-12-10,ACTIVO,2018-12-10,ACTIVO
C00765,Bodega García 6,bodega,lima norte,san juan,2025-12-14,ACTIVO,2025-12-14,ACTIVO
C00766,Bodega Mamani 671,bodega,arequipa,san juan,2020-04-21,ACTIVO,2020-04-21,ACTIVO
C00767,Mayorista Ramos 600,mayorista,callao,el porvenir,2020-11-04,ACTIVO,2020-11-04,ACTIVO
C00768,Restaurante Vargas 283,restaurante/bar,trujillo,el porvenir,2025-08-19,ACTIVO,2025-08-19,ACTIVO
C00769,Bodega Castillo 495,bodega,arequipa,castilla,2020-01-03,ACTIVO,2020-01-03,ACTIVO
C00770,Mayorista Rojas 592,mayorista,trujillo,paucarpata,2021-11-11,INACTIVO,2021-11-11,INACTIVO
C00771,Bodega Flores 766,bodega,piura,cercado,2020-07-30,ACTIVO,2020-07-30,ACTIVO
C00772,Mayorista Castillo 411,mayorista,cusco,surco,2021-10-18,ACTIVO,2021-10-18,ACTIVO
C00773,Bodega Huamán 399,bodega,lima norte,paucarpata,2025-02-17,ACTIVO,2025-02-17,ACTIVO
C00774,Bodega Vargas 446,bodega,lima sur,cayma,2018-12-28,ACTIVO,2018-12-28,ACTIVO
C00775,Mayorista Quispe 742,mayorista,trujillo,wanchaq,2022-04-24,ACTIVO,2022-04-24,ACTIVO
C00776,Bodega Vargas 59,bodega,piura,ate,2019-12-19,INACTIVO,2019-12-19,INACTIVO
C00777,Bodega Díaz 531,bodega,lima este,miraflores,2021-03-17,ACTIVO,2021-03-17,ACTIVO
C00778,Minimarket Chávez 238,minimarket,lima centro,cayma,2024-11-24,ACTIVO,2024-11-24,ACTIVO
C00779,Minimarket Quispe 162,minimarket,callao,cayma,2018-12-22,ACTIVO,2018-12-22,ACTIVO
C00780,Minimarket Mamani 601,minimarket,cusco,los olivos,2020-03-31,ACTIVO,2020-03-31,ACTIVO
C00781,Minimarket Flores 563,minimarket,cusco,cayma,2021-03-11,ACTIVO,2021-03-11,ACTIVO
C00782,Bodega Paredes 284,bodega,lima este,el porvenir,2020-07-15,ACTIVO,2020-07-15,ACTIVO
C00783,Bodega Rojas 180,bodega,cusco,san juan,2022-07-26,ACTIVO,2022-07-26,ACTIVO
C00784,Bodega Torres 970,bodega,cusco ,los olivos,2019-04-25,ACTIVO,2019-04-25,ACTIVO
C00785,Bodega Mamani 577,bodega,lima este,villa el salvador,2023-06-04,ACTIVO,2023-06-04,ACTIVO
C00786,Restaurante Sánchez 919,restaurante/bar,lima norte,ventanilla,2024-07-31,ACTIVO,2024-07-31,ACTIVO
C00787,Bodega Ramos 808,bodega,lima este,el porvenir,2020-06-21,INACTIVO,2020-06-21,INACTIVO
C00788,Bodega Castillo 549,bodega,callao,san juan,2018-02-09,ACTIVO,2018-02-09,ACTIVO
C00789,Bodega Chávez 841,bodega,lima sur,cercado,2021-11-01,ACTIVO,2021-11-01,ACTIVO
C00790,Restaurante Torres 224,restaurante/bar,callao,los olivos,2024-06-07,ACTIVO,2024-06-07,ACTIVO
C00791,Bodega García 511,bodega,lima este,paucarpata,2020-03-28,ACTIVO,2020-03-28,ACTIVO
C00792,Bodega García 208,bodega,arequipa,san juan,2020-10-19,ACTIVO,2020-10-19,ACTIVO
C00793,Bodega Flores 693,bodega,piura,villa el salvador,2025-06-10,INACTIVO,2025-06-10,INACTIVO
C00794,Bodega Quispe 869,bodega,arequipa,castilla,2023-05-30,INACTIVO,2023-05-30,INACTIVO
C00795,Bodega Vargas 890,bodega,piura,villa el salvador,2021-01-30,INACTIVO,2021-01-30,INACTIVO
C00796,Restaurante Rojas 408,restaurante/bar,lima centro,villa el salvador,2020-06-28,ACTIVO,2020-06-28,ACTIVO
C00797,Restaurante Castillo 34,restaurante/bar,arequipa,surco,2023-08-21,ACTIVO,2023-08-21,ACTIVO
C00798,Bodega Sánchez 124,bodega,cusco,los olivos,2025-10-31,ACTIVO,2025-10-31,ACTIVO
C00799,Minimarket Ramos 216,minimarket,lima sur,miraflores,2022-04-04,INACTIVO,2022-04-04,INACTIVO
C00800,Restaurante Huamán 562,restaurante/bar,lima este,miraflores,2020-12-12,ACTIVO,2020-12-12,ACTIVO
C00801,Minimarket Huamán 511,minimarket,lima este,villa el salvador,2022-10-03,ACTIVO,2022-10-03,ACTIVO
C00802,Bodega Paredes 411,bodega,piura,cercado,2021-02-19,INACTIVO,2021-02-19,INACTIVO
C00803,Bodega Ramos 235,bodega,callao,wanchaq,2019-02-14,ACTIVO,2019-02-14,ACTIVO
C00804,Bodega Mamani 201,bodega,lima centro,comas,2019-08-21,ACTIVO,2019-08-21,ACTIVO
C00805,Bodega Sánchez 138,bodega,cusco,cayma,2025-01-27,ACTIVO,2025-01-27,ACTIVO
C00806,Minimarket Rojas 257,minimarket,lima norte,los olivos,2024-04-21,ACTIVO,2024-04-21,ACTIVO
C00807,Restaurante García 834,restaurante/bar,piura,san juan,2020-11-07,ACTIVO,2020-11-07,ACTIVO
C00808,Restaurante Torres 267,restaurante/bar,arequipa,la esperanza,2022-01-18,ACTIVO,2022-01-18,ACTIVO
C00809,Bodega Torres 21,bodega,lima sur,surco,2022-08-14,INACTIVO,2022-08-14,INACTIVO
C00810,Bodega García 591,bodega,cusco,villa el salvador,2024-06-16,ACTIVO,2024-06-16,ACTIVO
C00811,Restaurante Torres 690,restaurante/bar,piura,castilla,2023-09-22,INACTIVO,2023-09-22,INACTIVO
C00812,Mayorista Mamani 629,mayorista,piura,cercado,2021-03-19,INACTIVO,2021-03-19,INACTIVO
C00813,Bodega Ramos 828,bodega,trujillo,miraflores,2021-10-13,ACTIVO,2021-10-13,ACTIVO
C00814,Restaurante Flores 82,restaurante/bar,arequipa,cayma,2019-10-26,ACTIVO,2019-10-26,ACTIVO
C00815,Restaurante Chávez 274,restaurante/bar,trujillo,castilla,2024-10-15,ACTIVO,2024-10-15,ACTIVO
C00816,Bodega Torres 766,bodega,cusco,cercado,2024-08-01,ACTIVO,2024-08-01,ACTIVO
C00817,Bodega Quispe 129,bodega,lima este,los olivos,2026-02-28,ACTIVO,2026-02-28,ACTIVO
C00818,Bodega Flores 216,bodega,trujillo,san juan,2019-11-15,INACTIVO,2019-11-15,INACTIVO
C00819,Bodega Sánchez 562,bodega,lima norte,wanchaq,2018-08-09,ACTIVO,2018-08-09,ACTIVO
C00820,Bodega Flores 107,bodega,lima centro,la esperanza,2020-12-11,INACTIVO,2020-12-11,INACTIVO
